feedback,issue,distance,fitting_issue,90/150,1suggestion,I have a nextcloud server and the way I access my server is via OpenVPN. The problem now is the nextcloud native app doesn't work through vpn. It is an odd behavior. I highly recommend to use owncloud app instead.,Nextcloud android app doesn't connect,1,32/50,,feedback,issue,distance,63/100
I have a nextcloud server and the way I access my server is via OpenVPN. The problem now is the nextcloud native app doesn't work through vpn. It is an odd behavior. I highly recommend to use owncloud app instead.,Nextcloud android app doesn't connect,0.69560814,1,,,"Everything works great until I back out of a folder. Then, when I try to open a new folder, the app just crashes on me. Running an LG G4.",App crashes every time I try to create a new folder,1,,,I have a nextcloud server and the way I access my server is via OpenVPN. The problem now is the nextcloud native app doesn't work through vpn. It is an odd behavior. I highly recommend to use owncloud app instead.,Nextcloud android app doesn't connect,[0.69560814],1
I have a nextcloud server and the way I access my server is via OpenVPN. The problem now is the nextcloud native app doesn't work through vpn. It is an odd behavior. I highly recommend to use owncloud app instead.,Can't connect to Nextcloud 10 from android app,0.6765704,1,,,"Not up to the great standard of the web app. Sync function needs a lot of improvement, when a folder is synced and I add a new file in the app, this file is not synced. I then have to manually download the file which removes the point of syncing in the first place. Also if I add a new doc, removing the extension .odt and naming it example.doc it saves as example.doc.odt meaning I cant make blank word files, I have to make one in the office app and share it to next cloud.",Synchronized files can not be edited in Onlyoffice,0,,,I have a nextcloud server and the way I access my server is via OpenVPN. The problem now is the nextcloud native app doesn't work through vpn. It is an odd behavior. I highly recommend to use owncloud app instead.,Can't connect to Nextcloud 10 from android app,[0.6765704],1
I have a nextcloud server and the way I access my server is via OpenVPN. The problem now is the nextcloud native app doesn't work through vpn. It is an odd behavior. I highly recommend to use owncloud app instead.,Error when trying to connect Nextcloud Android app,0.65061235,1,,,"App works only few hours, next - problems with login. Can't login, must reinstall app again, and again!ðŸ˜ ",Login failed on the app ,1,,,"Everything works great until I back out of a folder. Then, when I try to open a new folder, the app just crashes on me. Running an LG G4.",App crashes every time I try to create a new folder,[0.74609494],1
"Everything works great until I back out of a folder. Then, when I try to open a new folder, the app just crashes on me. Running an LG G4.",App crashes every time I try to create a new folder,0.74609494,0,,,App keep crashing when i try to make changes im auto upload. Hope there will be a quick update to fix it.,App crashes while auto-uploading,1,,,"Everything works great until I back out of a folder. Then, when I try to open a new folder, the app just crashes on me. Running an LG G4.",3.0.0: app is crashing whenever I try and enter certain folders,[0.69350505],1
"Everything works great until I back out of a folder. Then, when I try to open a new folder, the app just crashes on me. Running an LG G4.",3.0.0: app is crashing whenever I try and enter certain folders,0.69350505,1,,,Absolutely destroys battery life. Phone always lasts all day well past midnight. Had it installed for 3 days and will now go from fully charged at 7am to dead at 5pm with hardly any phone use and no phone calls. Android reporting app responsible for 19% of battery drain. Can't keep it installed like that.,Android 9 High Batteryuseage,1,,,"Not up to the great standard of the web app. Sync function needs a lot of improvement, when a folder is synced and I add a new file in the app, this file is not synced. I then have to manually download the file which removes the point of syncing in the first place. Also if I add a new doc, removing the extension .odt and naming it example.doc it saves as example.doc.odt meaning I cant make blank word files, I have to make one in the office app and share it to next cloud.",Synchronized files can not be edited in Onlyoffice,[0.5661483],0
"Everything works great until I back out of a folder. Then, when I try to open a new folder, the app just crashes on me. Running an LG G4.",App crashing on new folder creation,0.68163466,0,,,Stopped working all of a sudden. Asking for pattern or fingerprint. Neither my real device pattern nor my fingerprints are working. Fresh install. Only added one account. Did not change any settings. All prior versions worked. Cannot send any debug data as the app does not let me start. Please fix this.,Fingerprint unlocking crashing app on startup,0,,,"Not up to the great standard of the web app. Sync function needs a lot of improvement, when a folder is synced and I add a new file in the app, this file is not synced. I then have to manually download the file which removes the point of syncing in the first place. Also if I add a new doc, removing the extension .odt and naming it example.doc it saves as example.doc.odt meaning I cant make blank word files, I have to make one in the office app and share it to next cloud.","Sync, autoupload and upload files not wokr in mobile app.",[0.56185377],1
"Not up to the great standard of the web app. Sync function needs a lot of improvement, when a folder is synced and I add a new file in the app, this file is not synced. I then have to manually download the file which removes the point of syncing in the first place. Also if I add a new doc, removing the extension .odt and naming it example.doc it saves as example.doc.odt meaning I cant make blank word files, I have to make one in the office app and share it to next cloud.",Synchronized files can not be edited in Onlyoffice,0.5661483,0,,,"Not working on Pixel 4 XL stock Android 10, won't.let me log in. Provider is Google FI (not Fiber) with automatic VPN.......is that the issue?",Auto-Upload not working whilst vpn is on,0,,,"I love nextcloud. But unfortunately the app keeps crashing, when I try to setup a new account and try to enter a username.  Edit: It works with the token though. When i try to enter the username there it works. Edit: The Problem probably was the App Dashlane. Had form difficulties with other apps and after removing dashlabe it works great!!",Nextcloud Android app Crashes after logging in,[0.78567517],1
"Not up to the great standard of the web app. Sync function needs a lot of improvement, when a folder is synced and I add a new file in the app, this file is not synced. I then have to manually download the file which removes the point of syncing in the first place. Also if I add a new doc, removing the extension .odt and naming it example.doc it saves as example.doc.odt meaning I cant make blank word files, I have to make one in the office app and share it to next cloud.","Sync, autoupload and upload files not wokr in mobile app.",0.56185377,1,,,App is draining all of my battery because it seems to loop all day long. Temporarily enabled auto upload over cellular. Now I disabled this option again but Nextcloud continues to upload data over cellular. Sometimes it's not even properly auto-uploading my pictures. Phone: Samsung S9 Worst app I ever used.,Nextcloud use much battery with out auto upload activate...,1,,,"I love nextcloud. But unfortunately the app keeps crashing, when I try to setup a new account and try to enter a username.  Edit: It works with the token though. When i try to enter the username there it works. Edit: The Problem probably was the App Dashlane. Had form difficulties with other apps and after removing dashlabe it works great!!",nextcloud dev crashes and won't create user account,[0.7785597],1
"Not up to the great standard of the web app. Sync function needs a lot of improvement, when a folder is synced and I add a new file in the app, this file is not synced. I then have to manually download the file which removes the point of syncing in the first place. Also if I add a new doc, removing the extension .odt and naming it example.doc it saves as example.doc.odt meaning I cant make blank word files, I have to make one in the office app and share it to next cloud.",Sync downloads but doesnt keep in sync,0.53336895,0,,,"I kinda like that you have to be real particular about selecting folders to upload, but until there's an auto-sync, I'll be using Syncthing. a little more detail: you can select ""auto-upload"" and specify a local folder, a remote folder, and some other stuff (defaults are probably fine). It will then _upload_ _new_ files in that local directory (but not subdirectories, which is important for music). So all those existing files, never touched. And if you delete a file, that doesn't propagate out to your server, and therefore to your other devices. And if a file is changed/created/etc on the server, you'll never know about it until you manually sync that folder.",Upload of locally changed files,1,,,"App works only few hours, next - problems with login. Can't login, must reinstall app again, and again!ðŸ˜ ",Login failed on the app ,[0.74116623],1
"I love nextcloud. But unfortunately the app keeps crashing, when I try to setup a new account and try to enter a username.  Edit: It works with the token though. When i try to enter the username there it works. Edit: The Problem probably was the App Dashlane. Had form difficulties with other apps and after removing dashlabe it works great!!",Nextcloud Android app Crashes after logging in,0.78567517,1,,,"Can not login, after i enter my password i keep looping back to the login menu",Stuck in login loop,1,,,"App works only few hours, next - problems with login. Can't login, must reinstall app again, and again!ðŸ˜ ",App crashes on login,[0.68603206],1
"I love nextcloud. But unfortunately the app keeps crashing, when I try to setup a new account and try to enter a username.  Edit: It works with the token though. When i try to enter the username there it works. Edit: The Problem probably was the App Dashlane. Had form difficulties with other apps and after removing dashlabe it works great!!",nextcloud dev crashes and won't create user account,0.7785597,1,,,Auto uploads no longer work. App just freezes on s8+,Existing files auto upload freezes app,1,,,App keep crashing when i try to make changes im auto upload. Hope there will be a quick update to fix it.,App crashes while auto-uploading,[0.8338283],1
"I love nextcloud. But unfortunately the app keeps crashing, when I try to setup a new account and try to enter a username.  Edit: It works with the token though. When i try to enter the username there it works. Edit: The Problem probably was the App Dashlane. Had form difficulties with other apps and after removing dashlabe it works great!!",Nextcloud app crashes,0.77412105,1,,,This is useless on Android. It will not sync your old picture files. Only the new ones. This seems to work on IOS though. There are complains about this on the internet dating back to 2016. They were supposed to work on that. It is now Dec 2019.,Synchronize images/videos to proper Android folders,0,,,App keep crashing when i try to make changes im auto upload. Hope there will be a quick update to fix it.,"Selecting ""Automatic Uploads"" crashes app instantly",[0.8102795],1
"App works only few hours, next - problems with login. Can't login, must reinstall app again, and again!«¡Ø¤",Login failed on the app ,0.74116623,1,,,"Could not connect. After feeding correct server address and getting ""Secure connection established"" I get ""Could not find host"". Buggy and unusable.",Can not connect to server: Unknown error occurred!,1,,,With the latest update to the app auto upload fails to work.,Auto upload works after start app manualy,[0.8026391],0
"App works only few hours, next - problems with login. Can't login, must reinstall app again, and again!«¡Ø¤",App crashes on login,0.68603206,1,,,Where has the fingerprint access gone?,Fingerprint unlock,0,,,With the latest update to the app auto upload fails to work.,Auto Upload does not work.,[0.78408194],1
"App works only few hours, next - problems with login. Can't login, must reinstall app again, and again!ðŸ˜ ",App does not not log in on Android or crashes,0.66568005,1,,,The app keeps crashing. I can't upload photos because of this. Please fix the problem.,app crashes when uploading a bunch of pics,1,,,Absolutely destroys battery life. Phone always lasts all day well past midnight. Had it installed for 3 days and will now go from fully charged at 7am to dead at 5pm with hardly any phone use and no phone calls. Android reporting app responsible for 19% of battery drain. Can't keep it installed like that.,Android 9 High Batteryuseage,[0.56447124],1
App keep crashing when i try to make changes im auto upload. Hope there will be a quick update to fix it.,App crashes while auto-uploading,0.8338283,1,,,"Love nextcloud, but this app is extremely buggy - frequently freezes and crashes. This seems related to the auto-upload feature, which appears to be duplicating many times the same uploads and hogging the phone CPU/battery. Hopefully this is fixed in the next update.",Nextcloud App Freezes,1,,,Absolutely destroys battery life. Phone always lasts all day well past midnight. Had it installed for 3 days and will now go from fully charged at 7am to dead at 5pm with hardly any phone use and no phone calls. Android reporting app responsible for 19% of battery drain. Can't keep it installed like that.,Battery drain,[0.5095999],1
App keep crashing when i try to make changes im auto upload. Hope there will be a quick update to fix it.,"Selecting ""Automatic Uploads"" crashes app instantly",0.8102795,1,,,Man I love nextcloud but good God this app sucks. Constant crashes clicking photos in the menu doesn't show photos instead its constantly loads or crashes. I'd be willing to pay a few dollars a year for some good work on this app. I think most people would agree. This app needs alot of work. Limited organization with only favorites working. No tags in this app. Don't expect a fun easy browsing experience here.,nextcloud APP,0,,,Stopped working all of a sudden. Asking for pattern or fingerprint. Neither my real device pattern nor my fingerprints are working. Fresh install. Only added one account. Did not change any settings. All prior versions worked. Cannot send any debug data as the app does not let me start. Please fix this.,Fingerprint unlocking crashing app on startup,[0.6177308],0
App keep crashing when i try to make changes im auto upload. Hope there will be a quick update to fix it.,App crashes when opening Auto Upload screen.,0.79353344,1,,,new update has broken auto upload. all that happens is I get an error about local storage being full!!! EDIT: Thanks for responding. I have 128gb local storage and a 512gb sd card which is where my pictures are saved to. I'm only using 30gb or so on local storage currently so I should have the space for any images/videos I take. I try to keep at least 10gb of local storage free at any one time for things like updates so I'd have thought that would be more than enough as I mostly take pictures.,Upload complains on missing storage space,1,,,Stopped working all of a sudden. Asking for pattern or fingerprint. Neither my real device pattern nor my fingerprints are working. Fresh install. Only added one account. Did not change any settings. All prior versions worked. Cannot send any debug data as the app does not let me start. Please fix this.,App is not asking for fingerprint (pin only),[0.58144784],0
With the latest update to the app auto upload fails to work.,Auto upload works after start app manualy,0.8026391,0,,,After the latest update 3.0.1 my nextcloud could not find host? Please fix it.,Nextcloudpi (https://nextloudpi.local): Could not find host ,1,,,"I just started using this app with a home server and I'm having the issue 
where the log in screen keeps popping up. Interestingly, it's not logging 
me out. I can hit back, quickly interact with my files, and then the login 
comes back up. If I enter the settings menu, the login menu won't come up, 
but as soon as I leave settings it starts happening again.",Repeatedly logging out,[0.58099496],1
With the latest update to the app auto upload fails to work.,Auto Upload does not work.,0.78408194,1,,,"Still broken. Random crashes, wrong items being show in some of the screens, the photos section never shows up correctly... Unreliable app feels really buggy and not robust at all. IOS version feels a bit more finished ... This one is an alpha",App dev crash - Photos,1,,,"I just started using this app with a home server and I'm having the issue 
where the log in screen keeps popping up. Interestingly, it's not logging 
me out. I can hit back, quickly interact with my files, and then the login 
comes back up. If I enter the settings menu, the login menu won't come up, 
but as soon as I leave settings it starts happening again.",Login screen shows every 5 seconds,[0.57472575],1
With the latest update to the app auto upload fails to work.,Auto-Upload doesn't work - 3.10.1 (Android 10),0.7545074,1,,,Was great. Now crashes every 30 seconds and takes me out of whatever app I was in.,Crash of app,1,,,"Not working on Pixel 4 XL stock Android 10, won't.let me log in. Provider is Google FI (not Fiber) with automatic VPN.......is that the issue?",Auto-Upload not working whilst vpn is on,[0.48617253],0
Absolutely destroys battery life. Phone always lasts all day well past midnight. Had it installed for 3 days and will now go from fully charged at 7am to dead at 5pm with hardly any phone use and no phone calls. Android reporting app responsible for 19% of battery drain. Can't keep it installed like that.,Android 9 High Batteryuseage,0.56447124,1,,,"After repeatedly reporting the issue, it still does not auto-upload my photos unless I manually take the phone out of medium power-saving mode (suicide for any Galaxy S8 owner).",Galaxy S8 still not auto-uploading in power save ,1,,,"Not working on Pixel 4 XL stock Android 10, won't.let me log in. Provider is Google FI (not Fiber) with automatic VPN.......is that the issue?","AutoUpload stuck on ""Waiting for Wifi"" when using VPN",[0.44548836],0
Absolutely destroys battery life. Phone always lasts all day well past midnight. Had it installed for 3 days and will now go from fully charged at 7am to dead at 5pm with hardly any phone use and no phone calls. Android reporting app responsible for 19% of battery drain. Can't keep it installed like that.,Battery drain,0.5095999,1,,,First of all. thanks to all the devs for the app. im using the latest version but cant download files anymore using the app. works A1 on the web. im using 15.0.10. Nothing relevent in the logs. Only warning I have is about the fact that the server has no internet connection. thats a mistake. just downloaded stuff from it plus I can get a remote ssh connection to it. i can get my public ip and all... not sure how to debug this. thanks in advance for the help,Android app: Failed to download a file from server,1,,,App is draining all of my battery because it seems to loop all day long. Temporarily enabled auto upload over cellular. Now I disabled this option again but Nextcloud continues to upload data over cellular. Sometimes it's not even properly auto-uploading my pictures. Phone: Samsung S9 Worst app I ever used.,Nextcloud use much battery with out auto upload activate...,[0.7612072],1
Absolutely destroys battery life. Phone always lasts all day well past midnight. Had it installed for 3 days and will now go from fully charged at 7am to dead at 5pm with hardly any phone use and no phone calls. Android reporting app responsible for 19% of battery drain. Can't keep it installed like that.,Massive battery drainage and mobile data use after first usage,0.48821837,1,,,"The Photos section shows ""loading"" for more than 5 minutes every single time i open it, while on the webinterface the pictures show immediately using the same internet connection. It then shows every photo two times, this also does not happen on the webinterface.  The ""all files"" section even managed to show a whole bunch of pics in the wrong folder (in the root folder while they should have been in a subfolder) once, prompting me to delete them. Later i noticed my desktop pc syncing those very same pictures, which this bug-ridden app had deleted from their subfolder, where they apparently had been all the time. Other sections like ""shared"" show an endless ""loading"" sometimes until i manually refresh them. Sometimes they happen to work instantly and then show ""loading"" for infinity when i refresh them. I have reinstalled the app several times. I will have to use the webinterface which works very fast and flawlessly on chrome and firefox mobile browsers.",Photos: weird loading,1,,,App is draining all of my battery because it seems to loop all day long. Temporarily enabled auto upload over cellular. Now I disabled this option again but Nextcloud continues to upload data over cellular. Sometimes it's not even properly auto-uploading my pictures. Phone: Samsung S9 Worst app I ever used.,nextcloud always stopping when upload on android apps,[0.7271416],0
Stopped working all of a sudden. Asking for pattern or fingerprint. Neither my real device pattern nor my fingerprints are working. Fresh install. Only added one account. Did not change any settings. All prior versions worked. Cannot send any debug data as the app does not let me start. Please fix this.,Fingerprint unlocking crashing app on startup,0.6177308,0,,,"Keeps forgetting the account data. Then tries to auto-upload and fails, but keeps trying, burning battery. Use the account service, for crying out loud.",Auto Upload Working Intermittently,1,,,Why I CAN login in my nextclowd from the phone's browser and this app is still asking and asking and asking me for password to login in app?? Why? What's wrong????,Nextcloud keep asking account password,[0.5772158],1
Stopped working all of a sudden. Asking for pattern or fingerprint. Neither my real device pattern nor my fingerprints are working. Fresh install. Only added one account. Did not change any settings. All prior versions worked. Cannot send any debug data as the app does not let me start. Please fix this.,App is not asking for fingerprint (pin only),0.58144784,0,,,"The app is very user friendly. However, it has some bugs. Auto Upload doesn't not work. Fails to upload any files from selected folder.","Sync, autoupload and upload files not wokr in mobile app.",1,,,Why I CAN login in my nextclowd from the phone's browser and this app is still asking and asking and asking me for password to login in app?? Why? What's wrong????,Nextcloud server showing lots of login attempts after signing into the android app,[0.56987935],1
Stopped working all of a sudden. Asking for pattern or fingerprint. Neither my real device pattern nor my fingerprints are working. Fresh install. Only added one account. Did not change any settings. All prior versions worked. Cannot send any debug data as the app does not let me start. Please fix this.,Nightly 20170301 Fingerprint support removed,0.552034,0,,,"Absolutely full of bugs. Tries to upload even when I've turned off all sync rules and force stopped the app. Certain actions will trigger it to open again and trying to sync. Crashes sometimes, slows down and becomes unresponsive. Also no ability to tell it to sync only on certain Wifi networks (not any Wifi network).",App keeps crashing while syncing,1,,,"I kinda like that you have to be real particular about selecting folders to upload, but until there's an auto-sync, I'll be using Syncthing. a little more detail: you can select ""auto-upload"" and specify a local folder, a remote folder, and some other stuff (defaults are probably fine). It will then _upload_ _new_ files in that local directory (but not subdirectories, which is important for music). So all those existing files, never touched. And if you delete a file, that doesn't propagate out to your server, and therefore to your other devices. And if a file is changed/created/etc on the server, you'll never know about it until you manually sync that folder.",Upload of locally changed files,[0.57574034],1
"I just started using this app with a home server and I'm having the issue 
where the log in screen keeps popping up. Interestingly, it's not logging 
me out. I can hit back, quickly interact with my files, and then the login 
comes back up. If I enter the settings menu, the login menu won't come up, 
but as soon as I leave settings it starts happening again.",Repeatedly logging out,0.58099496,1,,,"Great & working app. There have been a lot's of improvements and stabilisation. Though, the main feature I use is the (camera) auto upload and there are still holes in the raquette. Indeed sometimes it misses pics. It results in part of the pics only being uploaded. I don't see them in the errors and no way to trigger again the autoupload. An rsync like feature would be handy in such case to be fail safe.","Sync, autoupload and upload files not wokr in mobile app.",0,,,"I kinda like that you have to be real particular about selecting folders to upload, but until there's an auto-sync, I'll be using Syncthing. a little more detail: you can select ""auto-upload"" and specify a local folder, a remote folder, and some other stuff (defaults are probably fine). It will then _upload_ _new_ files in that local directory (but not subdirectories, which is important for music). So all those existing files, never touched. And if you delete a file, that doesn't propagate out to your server, and therefore to your other devices. And if a file is changed/created/etc on the server, you'll never know about it until you manually sync that folder.",File deletion only at server side,[0.56436265],1
"I just started using this app with a home server and I'm having the issue 
where the log in screen keeps popping up. Interestingly, it's not logging 
me out. I can hit back, quickly interact with my files, and then the login 
comes back up. If I enter the settings menu, the login menu won't come up, 
but as soon as I leave settings it starts happening again.",Login screen shows every 5 seconds,0.57472575,1,,,"After downloaded it, I've trying to login in, it's prompt me enter URL, password and account, but all I can do is just enter URL, after enter URL, it said wrong account and password, but nothing I can do to enter both...","Tried to log in, got this error",0,,,"Can not login, after i enter my password i keep looping back to the login menu",Stuck in login loop,[0.8364399],1
"I just started using this app with a home server and I'm having the issue 
where the log in screen keeps popping up. Interestingly, it's not logging 
me out. I can hit back, quickly interact with my files, and then the login 
comes back up. If I enter the settings menu, the login menu won't come up, 
but as soon as I leave settings it starts happening again.",Android App V3 constantly requiring login details,0.5346988,1,,,Works on all of my devices except for this tablet. Can't get it past am initial login and refresh of an account and it never wants to clear out old data. Not happy. Works better through my web browser., No files visible on Tablet and Smartphone APP ,0,,,"Can not login, after i enter my password i keep looping back to the login menu",Login loop,[0.8222419],1
"Not working on Pixel 4 XL stock Android 10, won't.let me log in. Provider is Google FI (not Fiber) with automatic VPN.......is that the issue?",Auto-Upload not working whilst vpn is on,0.48617253,0,,,"Auto Upload hasn't worked in quite some time.  Even manually moving files to the InstantShared folders has no effect.  Those files aren't even viewable in the app, but are seen there by a file manager.  Would be nice if that was fixed.  Great overall platform though.",auto upload: files not visible within app before uploaded,1,,,"Having a lot of trouble when trying to auto upload a folder containing multiple sub folders with pictures and video from a SD card. Does not seem to want to sync. I had to send files manually, did not scan the folder apparently. My goal is to move video and photos from the phone to this removable card so I can save some space and backup those to a nas...",Synchronize images/videos to proper Android folders,[0.6094079],0
"Not working on Pixel 4 XL stock Android 10, won't.let me log in. Provider is Google FI (not Fiber) with automatic VPN.......is that the issue?","AutoUpload stuck on ""Waiting for Wifi"" when using VPN",0.44548836,0,,,Used to work great now you it just crashes every time you try to log on,Crashes after login,1,,,"Having a lot of trouble when trying to auto upload a folder containing multiple sub folders with pictures and video from a SD card. Does not seem to want to sync. I had to send files manually, did not scan the folder apparently. My goal is to move video and photos from the phone to this removable card so I can save some space and backup those to a nas...",Sync folder fails on sd card,[0.60842955],1
"Not working on Pixel 4 XL stock Android 10, won't.let me log in. Provider is Google FI (not Fiber) with automatic VPN.......is that the issue?",Auto-upload not working after upgrade to Android 10,0.44060698,0,,,"Nice, getting better with every version. Auto upload still not totally reliable. A good feature would be implementing file details with metadata support (the kind of details that the Metadata app is providing on the web UI, like EXIF - not sure if it's possible to get the information via that App when it is installed?).",Automatic upload from Android,0,,,Auto uploads no longer work. App just freezes on s8+,Existing files auto upload freezes app,[0.781927],1
App is draining all of my battery because it seems to loop all day long. Temporarily enabled auto upload over cellular. Now I disabled this option again but Nextcloud continues to upload data over cellular. Sometimes it's not even properly auto-uploading my pictures. Phone: Samsung S9 Worst app I ever used.,Nextcloud use much battery with out auto upload activate...,0.7612072,1,,,0,,,,,Auto uploads no longer work. App just freezes on s8+,App freezes when changing automatic upload settings,[0.7766095],1
App is draining all of my battery because it seems to loop all day long. Temporarily enabled auto upload over cellular. Now I disabled this option again but Nextcloud continues to upload data over cellular. Sometimes it's not even properly auto-uploading my pictures. Phone: Samsung S9 Worst app I ever used.,nextcloud always stopping when upload on android apps,0.7271416,0,,,0,,,,,This is useless on Android. It will not sync your old picture files. Only the new ones. This seems to work on IOS though. There are complains about this on the internet dating back to 2016. They were supposed to work on that. It is now Dec 2019.,Synchronize images/videos to proper Android folders,[0.6621002],0
App is draining all of my battery because it seems to loop all day long. Temporarily enabled auto upload over cellular. Now I disabled this option again but Nextcloud continues to upload data over cellular. Sometimes it's not even properly auto-uploading my pictures. Phone: Samsung S9 Worst app I ever used.,nextcloud app doesn't upload photos,0.6928574,1,,,0,,,,,This is useless on Android. It will not sync your old picture files. Only the new ones. This seems to work on IOS though. There are complains about this on the internet dating back to 2016. They were supposed to work on that. It is now Dec 2019.,Android4: sync image is shown on login,[0.56927955],0
Why I CAN login in my nextclowd from the phone's browser and this app is still asking and asking and asking me for password to login in app?? Why? What's wrong????,Nextcloud keep asking account password,0.5772158,1,,,0,,,,,application crashes on clicking Log In,App crashes on login,[0.8739077],1
Why I CAN login in my nextclowd from the phone's browser and this app is still asking and asking and asking me for password to login in app?? Why? What's wrong????,Nextcloud server showing lots of login attempts after signing into the android app,0.56987935,1,,,0,,,,,application crashes on clicking Log In,Crashes after login,[0.7763267],1
Why I CAN login in my nextclowd from the phone's browser and this app is still asking and asking and asking me for password to login in app?? Why? What's wrong????,Android App V3 constantly requiring login details,0.5687294,1,,,0,,,,,"Could not connect. After feeding correct server address and getting ""Secure connection established"" I get ""Could not find host"". Buggy and unusable.",Can not connect to server: Unknown error occurred!,[0.6851165],1
"I kinda like that you have to be real particular about selecting folders to upload, but until there's an auto-sync, I'll be using Syncthing. a little more detail: you can select ""auto-upload"" and specify a local folder, a remote folder, and some other stuff (defaults are probably fine). It will then _upload_ _new_ files in that local directory (but not subdirectories, which is important for music). So all those existing files, never touched. And if you delete a file, that doesn't propagate out to your server, and therefore to your other devices. And if a file is changed/created/etc on the server, you'll never know about it until you manually sync that folder.",Upload of locally changed files,0.57574034,1,,,,,,,,"Could not connect. After feeding correct server address and getting ""Secure connection established"" I get ""Could not find host"". Buggy and unusable.",unable to connect to the server,[0.6806219],1
"I kinda like that you have to be real particular about selecting folders to upload, but until there's an auto-sync, I'll be using Syncthing. a little more detail: you can select ""auto-upload"" and specify a local folder, a remote folder, and some other stuff (defaults are probably fine). It will then _upload_ _new_ files in that local directory (but not subdirectories, which is important for music). So all those existing files, never touched. And if you delete a file, that doesn't propagate out to your server, and therefore to your other devices. And if a file is changed/created/etc on the server, you'll never know about it until you manually sync that folder.",File deletion only at server side,0.56436265,1,,,,,,,,Where has the fingerprint access gone?,Fingerprint unlock,[0.69540775],0
"I kinda like that you have to be real particular about selecting folders to upload, but until there's an auto-sync, I'll be using Syncthing. a little more detail: you can select ""auto-upload"" and specify a local folder, a remote folder, and some other stuff (defaults are probably fine). It will then _upload_ _new_ files in that local directory (but not subdirectories, which is important for music). So all those existing files, never touched. And if you delete a file, that doesn't propagate out to your server, and therefore to your other devices. And if a file is changed/created/etc on the server, you'll never know about it until you manually sync that folder.",Auto upload -> select folder for remote folder -> see FAB,0.5411609,1,,,,,,,,Where has the fingerprint access gone?,Nightly 20170301 Fingerprint support removed,[0.6845327],1
"Can not login, after i enter my password i keep looping back to the login menu",Stuck in login loop,0.8364399,1,,,,,,,,"Autoupload not working, android 7, otherwise all seems good. Happy with app and will increase stars to 5 when auto upload is working.",Android auto upload doesn't do anything,[0.7609036],1
"Can not login, after i enter my password i keep looping back to the login menu",Login loop,0.8222419,1,,,,,,,,"Autoupload not working, android 7, otherwise all seems good. Happy with app and will increase stars to 5 when auto upload is working.",Auto upload missing on Android < 7,[0.739368],1
"Can not login, after i enter my password i keep looping back to the login menu",can't login,0.73808366,1,,,,,,,,The app keeps crashing. I can't upload photos because of this. Please fix the problem.,app crashes when uploading a bunch of pics,[0.84195715],1
"Having a lot of trouble when trying to auto upload a folder containing multiple sub folders with pictures and video from a SD card. Does not seem to want to sync. I had to send files manually, did not scan the folder apparently. My goal is to move video and photos from the phone to this removable card so I can save some space and backup those to a nas...",Synchronize images/videos to proper Android folders,0.6094079,0,,,,,,,,The app keeps crashing. I can't upload photos because of this. Please fix the problem.,App crash while opening photo,[0.7826807],1
"Having a lot of trouble when trying to auto upload a folder containing multiple sub folders with pictures and video from a SD card. Does not seem to want to sync. I had to send files manually, did not scan the folder apparently. My goal is to move video and photos from the phone to this removable card so I can save some space and backup those to a nas...",Sync folder fails on sd card,0.60842955,1,,,,,,,,"Love nextcloud, but this app is extremely buggy - frequently freezes and crashes. This seems related to the auto-upload feature, which appears to be duplicating many times the same uploads and hogging the phone CPU/battery. Hopefully this is fixed in the next update.",Nextcloud App Freezes,[0.8452252],1
"Having a lot of trouble when trying to auto upload a folder containing multiple sub folders with pictures and video from a SD card. Does not seem to want to sync. I had to send files manually, did not scan the folder apparently. My goal is to move video and photos from the phone to this removable card so I can save some space and backup those to a nas...",Uploading files from SD card simply does not work,0.57417417,1,,,,,,,,"Love nextcloud, but this app is extremely buggy - frequently freezes and crashes. This seems related to the auto-upload feature, which appears to be duplicating many times the same uploads and hogging the phone CPU/battery. Hopefully this is fixed in the next update.",nextcloud app crashed during upload,[0.8145719],1
Auto uploads no longer work. App just freezes on s8+,Existing files auto upload freezes app,0.781927,1,,,,,,,,"Nextcloud 3.2.0 does not always pick up new camera files for auto upload 
even if the folder auto upload is turn on. It seems not to reliable detect 
new files. We really need a solution. Stop adding new features first make 
file monitoring reliable. Also please make error recovery automatically 
(reattempt to upload)",Auto Upload view shows files in Nextcloud temporary storage,[0.75478053],0
Auto uploads no longer work. App just freezes on s8+,App freezes when changing automatic upload settings,0.7766095,1,,,,,,,,"Nextcloud 3.2.0 does not always pick up new camera files for auto upload 
even if the folder auto upload is turn on. It seems not to reliable detect 
new files. We really need a solution. Stop adding new features first make 
file monitoring reliable. Also please make error recovery automatically 
(reattempt to upload)",Auto-Upload completely messes up the nextcloud file base,[0.7401496],0
Auto uploads no longer work. App just freezes on s8+,App crashes while auto-uploading,0.7685081,1,,,,,,,,Man I love nextcloud but good God this app sucks. Constant crashes clicking photos in the menu doesn't show photos instead its constantly loads or crashes. I'd be willing to pay a few dollars a year for some good work on this app. I think most people would agree. This app needs alot of work. Limited organization with only favorites working. No tags in this app. Don't expect a fun easy browsing experience here.,nextcloud APP,[0.760238],0
This is useless on Android. It will not sync your old picture files. Only the new ones. This seems to work on IOS though. There are complains about this on the internet dating back to 2016. They were supposed to work on that. It is now Dec 2019.,Synchronize images/videos to proper Android folders,0.6621002,0,,,,,,,,Man I love nextcloud but good God this app sucks. Constant crashes clicking photos in the menu doesn't show photos instead its constantly loads or crashes. I'd be willing to pay a few dollars a year for some good work on this app. I think most people would agree. This app needs alot of work. Limited organization with only favorites working. No tags in this app. Don't expect a fun easy browsing experience here.,Android Nextcloud,[0.7304056],0
This is useless on Android. It will not sync your old picture files. Only the new ones. This seems to work on IOS though. There are complains about this on the internet dating back to 2016. They were supposed to work on that. It is now Dec 2019.,Android4: sync image is shown on login,0.56927955,0,,,,,,,,new update has broken auto upload. all that happens is I get an error about local storage being full!!! EDIT: Thanks for responding. I have 128gb local storage and a 512gb sd card which is where my pictures are saved to. I'm only using 30gb or so on local storage currently so I should have the space for any images/videos I take. I try to keep at least 10gb of local storage free at any one time for things like updates so I'd have thought that would be more than enough as I mostly take pictures.,Upload complains on missing storage space,[0.6788515],1
This is useless on Android. It will not sync your old picture files. Only the new ones. This seems to work on IOS though. There are complains about this on the internet dating back to 2016. They were supposed to work on that. It is now Dec 2019.,photos are not synced,0.55973446,1,,,,,,,,new update has broken auto upload. all that happens is I get an error about local storage being full!!! EDIT: Thanks for responding. I have 128gb local storage and a 512gb sd card which is where my pictures are saved to. I'm only using 30gb or so on local storage currently so I should have the space for any images/videos I take. I try to keep at least 10gb of local storage free at any one time for things like updates so I'd have thought that would be more than enough as I mostly take pictures.,Auto upload not working - not enough space ,[0.65706676],1
application crashes on clicking Log In,App crashes on login,0.8739077,1,,,,,,,,"Really good and useful app. Auto upload works great, even when offline it will retry and upload as soon as you're connected (you'll still get an error, ignore it). I use it with the ""move to nextcloud folder"" option, so I know what's been uploaded. My issues with it: (1) auto-upload won't upload existing pics (many reports on this) (3) useless and stupid slow photos tab (4) multiple selection is one by one only (5) no bidirectional folder sync option. Still, pros outweigh the cons, recommended",AutoUpload uploads all photos that already in Nextcloud again,[0.66978586],0
application crashes on clicking Log In,Crashes after login,0.7763267,1,,,,,,,,"Really good and useful app. Auto upload works great, even when offline it will retry and upload as soon as you're connected (you'll still get an error, ignore it). I use it with the ""move to nextcloud folder"" option, so I know what's been uploaded. My issues with it: (1) auto-upload won't upload existing pics (many reports on this) (3) useless and stupid slow photos tab (4) multiple selection is one by one only (5) no bidirectional folder sync option. Still, pros outweigh the cons, recommended",Auto Upload view shows files in Nextcloud temporary storage,[0.66376436],0
application crashes on clicking Log In,Crash on login,0.7643983,1,,,,,,,,After the latest update 3.0.1 my nextcloud could not find host? Please fix it.,Nextcloudpi (https://nextloudpi.local): Could not find host ,[0.8453341],1
"Could not connect. After feeding correct server address and getting ""Secure connection established"" I get ""Could not find host"". Buggy and unusable.",Can not connect to server: Unknown error occurred!,0.6851165,1,,,,,,,,After the latest update 3.0.1 my nextcloud could not find host? Please fix it.,Can not use nextcloud,[0.782713],0
"Could not connect. After feeding correct server address and getting ""Secure connection established"" I get ""Could not find host"". Buggy and unusable.",unable to connect to the server,0.6806219,1,,,,,,,,"Still broken. Random crashes, wrong items being show in some of the screens, the photos section never shows up correctly... Unreliable app feels really buggy and not robust at all. IOS version feels a bit more finished ... This one is an alpha",App dev crash - Photos,[0.65159696],1
"Could not connect. After feeding correct server address and getting ""Secure connection established"" I get ""Could not find host"". Buggy and unusable.",Can't connect to server,0.6659283,1,,,,,,,,"Still broken. Random crashes, wrong items being show in some of the screens, the photos section never shows up correctly... Unreliable app feels really buggy and not robust at all. IOS version feels a bit more finished ... This one is an alpha",Android Mobile app crash in photos section,[0.63719904],1
Where has the fingerprint access gone?,Fingerprint unlock,0.69540775,0,,,,,,,,"Nextcloud as a service is amazing, but this mobile client is not so much. The interface is rather unstable and I encounter crashes or bugs while moving from image preview to image preview. I actually have no issues with auto upload, but sync leaves a bit to be desired; you can't configure the location of syncs. Every sync will land in a single directory, which is inconvenient.",Auto-Upload completely messes up the nextcloud file base,[0.7129253],0
Where has the fingerprint access gone?,Nightly 20170301 Fingerprint support removed,0.6845327,1,,,,,,,,"Nextcloud as a service is amazing, but this mobile client is not so much. The interface is rather unstable and I encounter crashes or bugs while moving from image preview to image preview. I actually have no issues with auto upload, but sync leaves a bit to be desired; you can't configure the location of syncs. Every sync will land in a single directory, which is inconvenient.",Android Nextcloud,[0.70081913],0
Where has the fingerprint access gone?,Circumvent Fingerprint Protection,0.6122747,0,,,,,,,,Was great. Now crashes every 30 seconds and takes me out of whatever app I was in.,Crash of app,[0.7112875],1
"Autoupload not working, android 7, otherwise all seems good. Happy with app and will increase stars to 5 when auto upload is working.",Android auto upload doesn't do anything,0.7609036,1,,,,,,,,Was great. Now crashes every 30 seconds and takes me out of whatever app I was in.,App crash,[0.7014059],1
"Autoupload not working, android 7, otherwise all seems good. Happy with app and will increase stars to 5 when auto upload is working.",Auto upload missing on Android < 7,0.739368,1,,,,,,,,"After repeatedly reporting the issue, it still does not auto-upload my photos unless I manually take the phone out of medium power-saving mode (suicide for any Galaxy S8 owner).",Galaxy S8 still not auto-uploading in power save ,[0.80509484],1
"Autoupload not working, android 7, otherwise all seems good. Happy with app and will increase stars to 5 when auto upload is working.",Auto upload doesn't work on Android for already uploaded photos.,0.72019637,0,,,,,,,,"After repeatedly reporting the issue, it still does not auto-upload my photos unless I manually take the phone out of medium power-saving mode (suicide for any Galaxy S8 owner).",Auto upload doesn't work on Android for already uploaded photos.,[0.68401974],0
The app keeps crashing. I can't upload photos because of this. Please fix the problem.,app crashes when uploading a bunch of pics,0.84195715,1,,,,,,,,"Hello, Autoupload doesn't work. I manually created folder on the server using web browser, and checked in the app to create year folder and month. It gives ""connection error"" in uploads queue. So the app is almost useless for me",Auto Upload does not work.,[0.72204024],1
The app keeps crashing. I can't upload photos because of this. Please fix the problem.,App crash while opening photo,0.7826807,1,,,,,,,,"Hello, Autoupload doesn't work. I manually created folder on the server using web browser, and checked in the app to create year folder and month. It gives ""connection error"" in uploads queue. So the app is almost useless for me",Auto Upload does not work,[0.7174633],1
The app keeps crashing. I can't upload photos because of this. Please fix the problem.,App dev crash - Photos,0.77381235,1,,,,,,,,First of all. thanks to all the devs for the app. im using the latest version but cant download files anymore using the app. works A1 on the web. im using 15.0.10. Nothing relevent in the logs. Only warning I have is about the fact that the server has no internet connection. thats a mistake. just downloaded stuff from it plus I can get a remote ssh connection to it. i can get my public ip and all... not sure how to debug this. thanks in advance for the help,Android app: Failed to download a file from server,[0.6854156],1
"Love nextcloud, but this app is extremely buggy - frequently freezes and crashes. This seems related to the auto-upload feature, which appears to be duplicating many times the same uploads and hogging the phone CPU/battery. Hopefully this is fixed in the next update.",Nextcloud App Freezes,0.8452252,1,,,,,,,,First of all. thanks to all the devs for the app. im using the latest version but cant download files anymore using the app. works A1 on the web. im using 15.0.10. Nothing relevent in the logs. Only warning I have is about the fact that the server has no internet connection. thats a mistake. just downloaded stuff from it plus I can get a remote ssh connection to it. i can get my public ip and all... not sure how to debug this. thanks in advance for the help,"In new version app(3.10.0 and above),I can not see any files on my server",[0.6114795],0
"Love nextcloud, but this app is extremely buggy - frequently freezes and crashes. This seems related to the auto-upload feature, which appears to be duplicating many times the same uploads and hogging the phone CPU/battery. Hopefully this is fixed in the next update.",nextcloud app crashed during upload,0.8145719,1,,,,,,,,"The Photos section shows ""loading"" for more than 5 minutes every single time i open it, while on the webinterface the pictures show immediately using the same internet connection. It then shows every photo two times, this also does not happen on the webinterface.  The ""all files"" section even managed to show a whole bunch of pics in the wrong folder (in the root folder while they should have been in a subfolder) once, prompting me to delete them. Later i noticed my desktop pc syncing those very same pictures, which this bug-ridden app had deleted from their subfolder, where they apparently had been all the time. Other sections like ""shared"" show an endless ""loading"" sometimes until i manually refresh them. Sometimes they happen to work instantly and then show ""loading"" for infinity when i refresh them. I have reinstalled the app several times. I will have to use the webinterface which works very fast and flawlessly on chrome and firefox mobile browsers.",Photos: weird loading,[0.739503],1
"Love nextcloud, but this app is extremely buggy - frequently freezes and crashes. This seems related to the auto-upload feature, which appears to be duplicating many times the same uploads and hogging the phone CPU/battery. Hopefully this is fixed in the next update.",Nextcloud app crashes,0.8103316,1,,,,,,,,"The Photos section shows ""loading"" for more than 5 minutes every single time i open it, while on the webinterface the pictures show immediately using the same internet connection. It then shows every photo two times, this also does not happen on the webinterface.  The ""all files"" section even managed to show a whole bunch of pics in the wrong folder (in the root folder while they should have been in a subfolder) once, prompting me to delete them. Later i noticed my desktop pc syncing those very same pictures, which this bug-ridden app had deleted from their subfolder, where they apparently had been all the time. Other sections like ""shared"" show an endless ""loading"" sometimes until i manually refresh them. Sometimes they happen to work instantly and then show ""loading"" for infinity when i refresh them. I have reinstalled the app several times. I will have to use the webinterface which works very fast and flawlessly on chrome and firefox mobile browsers.",Photo section load endless,[0.6878835],1
"Nextcloud 3.2.0 does not always pick up new camera files for auto upload 
even if the folder auto upload is turn on. It seems not to reliable detect 
new files. We really need a solution. Stop adding new features first make 
file monitoring reliable. Also please make error recovery automatically 
(reattempt to upload)",Auto Upload view shows files in Nextcloud temporary storage,0.75478053,0,,,,,,,,"Good app, but instant upload reports failed because of connectivity issues (on wifi) .   Would report the issue but can not find your Bugzilla.  Keep up the great work.",instant upload fails,[0.6413735],1
"Nextcloud 3.2.0 does not always pick up new camera files for auto upload 
even if the folder auto upload is turn on. It seems not to reliable detect 
new files. We really need a solution. Stop adding new features first make 
file monitoring reliable. Also please make error recovery automatically 
(reattempt to upload)",Auto-Upload completely messes up the nextcloud file base,0.7401496,0,,,,,,,,"Good app, but instant upload reports failed because of connectivity issues (on wifi) .   Would report the issue but can not find your Bugzilla.  Keep up the great work.",Crash when I view the instant uploads,[0.63403094],1
"Nextcloud 3.2.0 does not always pick up new camera files for auto upload 
even if the folder auto upload is turn on. It seems not to reliable detect 
new files. We really need a solution. Stop adding new features first make 
file monitoring reliable. Also please make error recovery automatically 
(reattempt to upload)",nextcloud app doesn't upload photos,0.7399745,0,,,,,,,,"Keeps forgetting the account data. Then tries to auto-upload and fails, but keeps trying, burning battery. Use the account service, for crying out loud.",Auto Upload Working Intermittently,[0.6436924],1
Man I love nextcloud but good God this app sucks. Constant crashes clicking photos in the menu doesn't show photos instead its constantly loads or crashes. I'd be willing to pay a few dollars a year for some good work on this app. I think most people would agree. This app needs alot of work. Limited organization with only favorites working. No tags in this app. Don't expect a fun easy browsing experience here.,nextcloud APP,0.760238,0,,,,,,,,"Keeps forgetting the account data. Then tries to auto-upload and fails, but keeps trying, burning battery. Use the account service, for crying out loud.",Client tries to auto upload after account has been deleted,[0.63760376],0
Man I love nextcloud but good God this app sucks. Constant crashes clicking photos in the menu doesn't show photos instead its constantly loads or crashes. I'd be willing to pay a few dollars a year for some good work on this app. I think most people would agree. This app needs alot of work. Limited organization with only favorites working. No tags in this app. Don't expect a fun easy browsing experience here.,Android Nextcloud,0.7304056,0,,,,,,,,"The app is very user friendly. However, it has some bugs. Auto Upload doesn't not work. Fails to upload any files from selected folder.","Sync, autoupload and upload files not wokr in mobile app.",[0.68996704],1
Man I love nextcloud but good God this app sucks. Constant crashes clicking photos in the menu doesn't show photos instead its constantly loads or crashes. I'd be willing to pay a few dollars a year for some good work on this app. I think most people would agree. This app needs alot of work. Limited organization with only favorites working. No tags in this app. Don't expect a fun easy browsing experience here.,NextCloud Android,0.7177701,0,,,,,,,,"The app is very user friendly. However, it has some bugs. Auto Upload doesn't not work. Fails to upload any files from selected folder.",Auto upload works after start app manualy,[0.66944015],0
new update has broken auto upload. all that happens is I get an error about local storage being full!!! EDIT: Thanks for responding. I have 128gb local storage and a 512gb sd card which is where my pictures are saved to. I'm only using 30gb or so on local storage currently so I should have the space for any images/videos I take. I try to keep at least 10gb of local storage free at any one time for things like updates so I'd have thought that would be more than enough as I mostly take pictures.,Upload complains on missing storage space,0.6788515,1,,,,,,,,"App is nice for data sync. If you are using a version of the app that works, I strongly recommend disabling auto update to prevent the app from breaking as just happened with v3.0.0 in Feb 2018","Sync, autoupload and upload files not wokr in mobile app.",[0.6176663],0
new update has broken auto upload. all that happens is I get an error about local storage being full!!! EDIT: Thanks for responding. I have 128gb local storage and a 512gb sd card which is where my pictures are saved to. I'm only using 30gb or so on local storage currently so I should have the space for any images/videos I take. I try to keep at least 10gb of local storage free at any one time for things like updates so I'd have thought that would be more than enough as I mostly take pictures.,Auto upload not working - not enough space ,0.65706676,1,,,,,,,,"App is nice for data sync. If you are using a version of the app that works, I strongly recommend disabling auto update to prevent the app from breaking as just happened with v3.0.0 in Feb 2018",Crash when syncing with an external app ,[0.61667025],0
new update has broken auto upload. all that happens is I get an error about local storage being full!!! EDIT: Thanks for responding. I have 128gb local storage and a 512gb sd card which is where my pictures are saved to. I'm only using 30gb or so on local storage currently so I should have the space for any images/videos I take. I try to keep at least 10gb of local storage free at any one time for things like updates so I'd have thought that would be more than enough as I mostly take pictures.,Auto upload of photos fail everytime due to unexpected size,0.6402095,1,,,,,,,,"Absolutely full of bugs. Tries to upload even when I've turned off all sync rules and force stopped the app. Certain actions will trigger it to open again and trying to sync. Crashes sometimes, slows down and becomes unresponsive. Also no ability to tell it to sync only on certain Wifi networks (not any Wifi network).",App keeps crashing while syncing,[0.7286235],1
"Really good and useful app. Auto upload works great, even when offline it will retry and upload as soon as you're connected (you'll still get an error, ignore it). I use it with the ""move to nextcloud folder"" option, so I know what's been uploaded. My issues with it: (1) auto-upload won't upload existing pics (many reports on this) (3) useless and stupid slow photos tab (4) multiple selection is one by one only (5) no bidirectional folder sync option. Still, pros outweigh the cons, recommended",AutoUpload uploads all photos that already in Nextcloud again,0.66978586,0,,,,,,,,"Absolutely full of bugs. Tries to upload even when I've turned off all sync rules and force stopped the app. Certain actions will trigger it to open again and trying to sync. Crashes sometimes, slows down and becomes unresponsive. Also no ability to tell it to sync only on certain Wifi networks (not any Wifi network).",app not syncing auto upload folder and crashing sometimes,[0.71145284],0
"Really good and useful app. Auto upload works great, even when offline it will retry and upload as soon as you're connected (you'll still get an error, ignore it). I use it with the ""move to nextcloud folder"" option, so I know what's been uploaded. My issues with it: (1) auto-upload won't upload existing pics (many reports on this) (3) useless and stupid slow photos tab (4) multiple selection is one by one only (5) no bidirectional folder sync option. Still, pros outweigh the cons, recommended",Auto Upload view shows files in Nextcloud temporary storage,0.66376436,0,,,,,,,,"Great & working app. There have been a lot's of improvements and stabilisation. Though, the main feature I use is the (camera) auto upload and there are still holes in the raquette. Indeed sometimes it misses pics. It results in part of the pics only being uploaded. I don't see them in the errors and no way to trigger again the autoupload. An rsync like feature would be handy in such case to be fail safe.","Sync, autoupload and upload files not wokr in mobile app.",[0.5399862],0
"Really good and useful app. Auto upload works great, even when offline it will retry and upload as soon as you're connected (you'll still get an error, ignore it). I use it with the ""move to nextcloud folder"" option, so I know what's been uploaded. My issues with it: (1) auto-upload won't upload existing pics (many reports on this) (3) useless and stupid slow photos tab (4) multiple selection is one by one only (5) no bidirectional folder sync option. Still, pros outweigh the cons, recommended",nextcloud app doesn't upload photos,0.65330976,1,,,,,,,,"Great & working app. There have been a lot's of improvements and stabilisation. Though, the main feature I use is the (camera) auto upload and there are still holes in the raquette. Indeed sometimes it misses pics. It results in part of the pics only being uploaded. I don't see them in the errors and no way to trigger again the autoupload. An rsync like feature would be handy in such case to be fail safe.",App is dying in background / breaks auto-upload feature,[0.53490406],0
After the latest update 3.0.1 my nextcloud could not find host? Please fix it.,Nextcloudpi (https://nextloudpi.local): Could not find host ,0.8453341,1,,,,,,,,"Good app overall but auto upload still doesn't work. Sony Xperia Z5 on Android 7. Even with auto upload turned on, settings and folders selected, nothing happens when I take a photo. Keep trying :-)",Auto upload doesn't work on Android for already uploaded photos.,[0.81269884],0
After the latest update 3.0.1 my nextcloud could not find host? Please fix it.,Can not use nextcloud,0.782713,0,,,,,,,,"Good app overall but auto upload still doesn't work. Sony Xperia Z5 on Android 7. Even with auto upload turned on, settings and folders selected, nothing happens when I take a photo. Keep trying :-)",Android auto upload doesn't do anything,[0.773231],1
After the latest update 3.0.1 my nextcloud could not find host? Please fix it.,Problem with nextcloud client,0.7554052,0,,,,,,,,"After downloaded it, I've trying to login in, it's prompt me enter URL, password and account, but all I can do is just enter URL, after enter URL, it said wrong account and password, but nothing I can do to enter both...","Tried to log in, got this error",[0.577115],0
"Still broken. Random crashes, wrong items being show in some of the screens, the photos section never shows up correctly... Unreliable app feels really buggy and not robust at all. IOS version feels a bit more finished ... This one is an alpha",App dev crash - Photos,0.65159696,1,,,,,,,,"After downloaded it, I've trying to login in, it's prompt me enter URL, password and account, but all I can do is just enter URL, after enter URL, it said wrong account and password, but nothing I can do to enter both...",can't login,[0.57044744],1
"Still broken. Random crashes, wrong items being show in some of the screens, the photos section never shows up correctly... Unreliable app feels really buggy and not robust at all. IOS version feels a bit more finished ... This one is an alpha",Android Mobile app crash in photos section,0.63719904,1,,,,,,,,Works on all of my devices except for this tablet. Can't get it past am initial login and refresh of an account and it never wants to clear out old data. Not happy. Works better through my web browser., No files visible on Tablet and Smartphone APP ,[0.46843576],0
"Still broken. Random crashes, wrong items being show in some of the screens, the photos section never shows up correctly... Unreliable app feels really buggy and not robust at all. IOS version feels a bit more finished ... This one is an alpha",App crash while opening photo,0.5991374,0,,,,,,,,Works on all of my devices except for this tablet. Can't get it past am initial login and refresh of an account and it never wants to clear out old data. Not happy. Works better through my web browser.,Auto Upload stays active even after account removal on device,[0.44824642],0
"Nextcloud as a service is amazing, but this mobile client is not so much. The interface is rather unstable and I encounter crashes or bugs while moving from image preview to image preview. I actually have no issues with auto upload, but sync leaves a bit to be desired; you can't configure the location of syncs. Every sync will land in a single directory, which is inconvenient.",Auto-Upload completely messes up the nextcloud file base,0.7129253,0,,,,,,,,"Not working for me, I can log, manual upload but if I want tu upload more then 10 photos, after a few stops uploading them. Auto upload is not working as well. I disable battery performance, I added all the permissions, etc. I am on android 9.",Auto upload doesn't work on Android for already uploaded photos.,[0.729115],1
"Nextcloud as a service is amazing, but this mobile client is not so much. The interface is rather unstable and I encounter crashes or bugs while moving from image preview to image preview. I actually have no issues with auto upload, but sync leaves a bit to be desired; you can't configure the location of syncs. Every sync will land in a single directory, which is inconvenient.",Android Nextcloud,0.70081913,0,,,,,,,,"Not working for me, I can log, manual upload but if I want tu upload more then 10 photos, after a few stops uploading them. Auto upload is not working as well. I disable battery performance, I added all the permissions, etc. I am on android 9.",Android auto upload doesn't do anything,[0.70949626],0
"Nextcloud as a service is amazing, but this mobile client is not so much. The interface is rather unstable and I encounter crashes or bugs while moving from image preview to image preview. I actually have no issues with auto upload, but sync leaves a bit to be desired; you can't configure the location of syncs. Every sync will land in a single directory, which is inconvenient.",Auto Upload view shows files in Nextcloud temporary storage,0.6974522,0,,,,,,,,"Auto Upload hasn't worked in quite some time.  Even manually moving files to the InstantShared folders has no effect.  Those files aren't even viewable in the app, but are seen there by a file manager.  Would be nice if that was fixed.  Great overall platform though.",auto upload: files not visible within app before uploaded,[0.7936404],1
Was great. Now crashes every 30 seconds and takes me out of whatever app I was in.,Crash of app,0.7112875,1,,,,,,,,"Auto Upload hasn't worked in quite some time.  Even manually moving files to the InstantShared folders has no effect.  Those files aren't even viewable in the app, but are seen there by a file manager.  Would be nice if that was fixed.  Great overall platform though.",auto upload doesn`t auto upload files ,[0.73161095],1
Was great. Now crashes every 30 seconds and takes me out of whatever app I was in.,App crash,0.7014059,1,,,,,,,,Used to work great now you it just crashes every time you try to log on,Crashes after login,[0.69447815],1
Was great. Now crashes every 30 seconds and takes me out of whatever app I was in.,App crashes upon start.,0.6958446,0,,,,,,,,Used to work great now you it just crashes every time you try to log on,Crash on login,[0.67647374],1
"After repeatedly reporting the issue, it still does not auto-upload my photos unless I manually take the phone out of medium power-saving mode (suicide for any Galaxy S8 owner).",Galaxy S8 still not auto-uploading in power save ,0.80509484,1,,,,,,,,"even when disabling ALL automatic uploads, it still tries to upload files.",automatic upload does not automatically upload,[0.7523539],0
"After repeatedly reporting the issue, it still does not auto-upload my photos unless I manually take the phone out of medium power-saving mode (suicide for any Galaxy S8 owner).",Auto upload doesn't work on Android for already uploaded photos.,0.68401974,0,,,,,,,,"even when disabling ALL automatic uploads, it still tries to upload files.",auto upload doesn`t auto upload files ,[0.7465169],0
"After repeatedly reporting the issue, it still does not auto-upload my photos unless I manually take the phone out of medium power-saving mode (suicide for any Galaxy S8 owner).",Auto upload of photos fails,0.6728138,1,,,,,,,,"Nice, getting better with every version. Auto upload still not totally reliable. A good feature would be implementing file details with metadata support (the kind of details that the Metadata app is providing on the web UI, like EXIF - not sure if it's possible to get the information via that App when it is installed?).",Automatic upload from Android,[0.663684],0
"Hello, Autoupload doesn't work. I manually created folder on the server using web browser, and checked in the app to create year folder and month. It gives ""connection error"" in uploads queue. So the app is almost useless for me",Auto Upload does not work.,0.72204024,1,,,,,,,,"Nice, getting better with every version. Auto upload still not totally reliable. A good feature would be implementing file details with metadata support (the kind of details that the Metadata app is providing on the web UI, like EXIF - not sure if it's possible to get the information via that App when it is installed?).",AutoUpload uploads .thumbnails as well,[0.644089],0
"Hello, Autoupload doesn't work. I manually created folder on the server using web browser, and checked in the app to create year folder and month. It gives ""connection error"" in uploads queue. So the app is almost useless for me",Auto Upload does not work,0.7174633,1,,,,,,,,,,,
"Hello, Autoupload doesn't work. I manually created folder on the server using web browser, and checked in the app to create year folder and month. It gives ""connection error"" in uploads queue. So the app is almost useless for me",trying create own auto upload with new directory on server,0.7125817,0,,,,,,,,,,,
First of all. thanks to all the devs for the app. im using the latest version but cant download files anymore using the app. works A1 on the web. im using 15.0.10. Nothing relevent in the logs. Only warning I have is about the fact that the server has no internet connection. thats a mistake. just downloaded stuff from it plus I can get a remote ssh connection to it. i can get my public ip and all... not sure how to debug this. thanks in advance for the help,Android app: Failed to download a file from server,0.6854156,1,,,,,,,,,,,
First of all. thanks to all the devs for the app. im using the latest version but cant download files anymore using the app. works A1 on the web. im using 15.0.10. Nothing relevent in the logs. Only warning I have is about the fact that the server has no internet connection. thats a mistake. just downloaded stuff from it plus I can get a remote ssh connection to it. i can get my public ip and all... not sure how to debug this. thanks in advance for the help,"In new version app(3.10.0 and above),I can not see any files on my server",0.6114795,0,,,,,,,,,,,
First of all. thanks to all the devs for the app. im using the latest version but cant download files anymore using the app. works A1 on the web. im using 15.0.10. Nothing relevent in the logs. Only warning I have is about the fact that the server has no internet connection. thats a mistake. just downloaded stuff from it plus I can get a remote ssh connection to it. i can get my public ip and all... not sure how to debug this. thanks in advance for the help,"File transfer with ""server unavailable"" error when app file directory unavailable",0.56971097,0,,,,,,,,,,,
"The Photos section shows ""loading"" for more than 5 minutes every single time i open it, while on the webinterface the pictures show immediately using the same internet connection. It then shows every photo two times, this also does not happen on the webinterface.  The ""all files"" section even managed to show a whole bunch of pics in the wrong folder (in the root folder while they should have been in a subfolder) once, prompting me to delete them. Later i noticed my desktop pc syncing those very same pictures, which this bug-ridden app had deleted from their subfolder, where they apparently had been all the time. Other sections like ""shared"" show an endless ""loading"" sometimes until i manually refresh them. Sometimes they happen to work instantly and then show ""loading"" for infinity when i refresh them. I have reinstalled the app several times. I will have to use the webinterface which works very fast and flawlessly on chrome and firefox mobile browsers.",Photos: weird loading,0.739503,1,,,,,,,,,,,
"The Photos section shows ""loading"" for more than 5 minutes every single time i open it, while on the webinterface the pictures show immediately using the same internet connection. It then shows every photo two times, this also does not happen on the webinterface.  The ""all files"" section even managed to show a whole bunch of pics in the wrong folder (in the root folder while they should have been in a subfolder) once, prompting me to delete them. Later i noticed my desktop pc syncing those very same pictures, which this bug-ridden app had deleted from their subfolder, where they apparently had been all the time. Other sections like ""shared"" show an endless ""loading"" sometimes until i manually refresh them. Sometimes they happen to work instantly and then show ""loading"" for infinity when i refresh them. I have reinstalled the app several times. I will have to use the webinterface which works very fast and flawlessly on chrome and firefox mobile browsers.",Photo section load endless,0.6878835,1,,,,,,,,,,,
"The Photos section shows ""loading"" for more than 5 minutes every single time i open it, while on the webinterface the pictures show immediately using the same internet connection. It then shows every photo two times, this also does not happen on the webinterface.  The ""all files"" section even managed to show a whole bunch of pics in the wrong folder (in the root folder while they should have been in a subfolder) once, prompting me to delete them. Later i noticed my desktop pc syncing those very same pictures, which this bug-ridden app had deleted from their subfolder, where they apparently had been all the time. Other sections like ""shared"" show an endless ""loading"" sometimes until i manually refresh them. Sometimes they happen to work instantly and then show ""loading"" for infinity when i refresh them. I have reinstalled the app several times. I will have to use the webinterface which works very fast and flawlessly on chrome and firefox mobile browsers.",Photos not loading,0.6020204,1,,,,,,,,,,,
"Good app, but instant upload reports failed because of connectivity issues (on wifi) .   Would report the issue but can not find your Bugzilla.  Keep up the great work.",instant upload fails,0.6413735,1,,,,,,,,,,,
"Good app, but instant upload reports failed because of connectivity issues (on wifi) .   Would report the issue but can not find your Bugzilla.  Keep up the great work.",Crash when I view the instant uploads,0.63403094,1,,,,,,,,,,,
"Good app, but instant upload reports failed because of connectivity issues (on wifi) .   Would report the issue but can not find your Bugzilla.  Keep up the great work.",instant upload bug - no account,0.6273989,0,,,,,,,,,,,
"Keeps forgetting the account data. Then tries to auto-upload and fails, but keeps trying, burning battery. Use the account service, for crying out loud.",Auto Upload Working Intermittently,0.6436924,1,,,,,,,,,,,
"Keeps forgetting the account data. Then tries to auto-upload and fails, but keeps trying, burning battery. Use the account service, for crying out loud.",Client tries to auto upload after account has been deleted,0.63760376,0,,,,,,,,,,,
"Keeps forgetting the account data. Then tries to auto-upload and fails, but keeps trying, burning battery. Use the account service, for crying out loud.",Auto Upload stays active even after account removal on device,0.6372646,1,,,,,,,,,,,
"The app is very user friendly. However, it has some bugs. Auto Upload doesn't not work. Fails to upload any files from selected folder.","Sync, autoupload and upload files not wokr in mobile app.",0.68996704,1,,,,,,,,,,,
"The app is very user friendly. However, it has some bugs. Auto Upload doesn't not work. Fails to upload any files from selected folder.",Auto upload works after start app manualy,0.66944015,0,,,,,,,,,,,
"The app is very user friendly. However, it has some bugs. Auto Upload doesn't not work. Fails to upload any files from selected folder.",Automatic upload from Android,0.6477152,0,,,,,,,,,,,
"App is nice for data sync. If you are using a version of the app that works, I strongly recommend disabling auto update to prevent the app from breaking as just happened with v3.0.0 in Feb 2018","Sync, autoupload and upload files not wokr in mobile app.",0.6176663,0,,,,,,,,,,,
"App is nice for data sync. If you are using a version of the app that works, I strongly recommend disabling auto update to prevent the app from breaking as just happened with v3.0.0 in Feb 2018",Crash when syncing with an external app ,0.61667025,0,,,,,,,,,,,
"App is nice for data sync. If you are using a version of the app that works, I strongly recommend disabling auto update to prevent the app from breaking as just happened with v3.0.0 in Feb 2018",App keeps crashing while syncing,0.6096198,0,,,,,,,,,,,
"Absolutely full of bugs. Tries to upload even when I've turned off all sync rules and force stopped the app. Certain actions will trigger it to open again and trying to sync. Crashes sometimes, slows down and becomes unresponsive. Also no ability to tell it to sync only on certain Wifi networks (not any Wifi network).",App keeps crashing while syncing,0.7286235,1,,,,,,,,,,,
"Absolutely full of bugs. Tries to upload even when I've turned off all sync rules and force stopped the app. Certain actions will trigger it to open again and trying to sync. Crashes sometimes, slows down and becomes unresponsive. Also no ability to tell it to sync only on certain Wifi networks (not any Wifi network).",app not syncing auto upload folder and crashing sometimes,0.71145284,0,,,,,,,,,,,
"Absolutely full of bugs. Tries to upload even when I've turned off all sync rules and force stopped the app. Certain actions will trigger it to open again and trying to sync. Crashes sometimes, slows down and becomes unresponsive. Also no ability to tell it to sync only on certain Wifi networks (not any Wifi network).",App frequently hangs upon syncing and occasionally crashes at exit,0.6948918,1,,,,,,,,,,,
"Great & working app. There have been a lot's of improvements and stabilisation. Though, the main feature I use is the (camera) auto upload and there are still holes in the raquette. Indeed sometimes it misses pics. It results in part of the pics only being uploaded. I don't see them in the errors and no way to trigger again the autoupload. An rsync like feature would be handy in such case to be fail safe.","Sync, autoupload and upload files not wokr in mobile app.",0.5399862,0,,,,,,,,,,,
"Great & working app. There have been a lot's of improvements and stabilisation. Though, the main feature I use is the (camera) auto upload and there are still holes in the raquette. Indeed sometimes it misses pics. It results in part of the pics only being uploaded. I don't see them in the errors and no way to trigger again the autoupload. An rsync like feature would be handy in such case to be fail safe.",App is dying in background / breaks auto-upload feature,0.53490406,0,,,,,,,,,,,
"Great & working app. There have been a lot's of improvements and stabilisation. Though, the main feature I use is the (camera) auto upload and there are still holes in the raquette. Indeed sometimes it misses pics. It results in part of the pics only being uploaded. I don't see them in the errors and no way to trigger again the autoupload. An rsync like feature would be handy in such case to be fail safe.",app crashes when uploading a bunch of pics,0.531543,0,,,,,,,,,,,
"Good app overall but auto upload still doesn't work. Sony Xperia Z5 on Android 7. Even with auto upload turned on, settings and folders selected, nothing happens when I take a photo. Keep trying :-)",Auto upload doesn't work on Android for already uploaded photos.,0.81269884,0,,,,,,,,,,,
"Good app overall but auto upload still doesn't work. Sony Xperia Z5 on Android 7. Even with auto upload turned on, settings and folders selected, nothing happens when I take a photo. Keep trying :-)",Android auto upload doesn't do anything,0.773231,1,,,,,,,,,,,
"Good app overall but auto upload still doesn't work. Sony Xperia Z5 on Android 7. Even with auto upload turned on, settings and folders selected, nothing happens when I take a photo. Keep trying :-)",Android - Auto Upload STILL not working after 1.5 Years!!!,0.71427244,1,,,,,,,,,,,
"After downloaded it, I've trying to login in, it's prompt me enter URL, password and account, but all I can do is just enter URL, after enter URL, it said wrong account and password, but nothing I can do to enter both...","Tried to log in, got this error",0.577115,0,,,,,,,,,,,
"After downloaded it, I've trying to login in, it's prompt me enter URL, password and account, but all I can do is just enter URL, after enter URL, it said wrong account and password, but nothing I can do to enter both...",can't login,0.57044744,1,,,,,,,,,,,
"After downloaded it, I've trying to login in, it's prompt me enter URL, password and account, but all I can do is just enter URL, after enter URL, it said wrong account and password, but nothing I can do to enter both...",Login failed on the app ,0.55622053,1,,,,,,,,,,,
Works on all of my devices except for this tablet. Can't get it past am initial login and refresh of an account and it never wants to clear out old data. Not happy. Works better through my web browser., No files visible on Tablet and Smartphone APP ,0.46843576,0,,,,,,,,,,,
Works on all of my devices except for this tablet. Can't get it past am initial login and refresh of an account and it never wants to clear out old data. Not happy. Works better through my web browser.,Auto Upload stays active even after account removal on device,0.44824642,0,,,,,,,,,,,
Works on all of my devices except for this tablet. Can't get it past am initial login and refresh of an account and it never wants to clear out old data. Not happy. Works better through my web browser.,"Sync, autoupload and upload files not wokr in mobile app.",0.4426339,0,,,,,,,,,,,
"Not working for me, I can log, manual upload but if I want tu upload more then 10 photos, after a few stops uploading them. Auto upload is not working as well. I disable battery performance, I added all the permissions, etc. I am on android 9.",Auto upload doesn't work on Android for already uploaded photos.,0.729115,1,,,,,,,,,,,
"Not working for me, I can log, manual upload but if I want tu upload more then 10 photos, after a few stops uploading them. Auto upload is not working as well. I disable battery performance, I added all the permissions, etc. I am on android 9.",Android auto upload doesn't do anything,0.70949626,0,,,,,,,,,,,
"Not working for me, I can log, manual upload but if I want tu upload more then 10 photos, after a few stops uploading them. Auto upload is not working as well. I disable battery performance, I added all the permissions, etc. I am on android 9.",Auto upload of photos fails,0.6915228,1,,,,,,,,,,,
"Auto Upload hasn't worked in quite some time.  Even manually moving files to the InstantShared folders has no effect.  Those files aren't even viewable in the app, but are seen there by a file manager.  Would be nice if that was fixed.  Great overall platform though.",auto upload: files not visible within app before uploaded,0.7936404,1,,,,,,,,,,,
"Auto Upload hasn't worked in quite some time.  Even manually moving files to the InstantShared folders has no effect.  Those files aren't even viewable in the app, but are seen there by a file manager.  Would be nice if that was fixed.  Great overall platform though.",auto upload doesn`t auto upload files ,0.73161095,1,,,,,,,,,,,
"Auto Upload hasn't worked in quite some time.  Even manually moving files to the InstantShared folders has no effect.  Those files aren't even viewable in the app, but are seen there by a file manager.  Would be nice if that was fixed.  Great overall platform though.",Bug by auto uploading files from smartphone,0.7232516,1,,,,,,,,,,,
Used to work great now you it just crashes every time you try to log on,Crashes after login,0.69447815,1,,,,,,,,,,,
Used to work great now you it just crashes every time you try to log on,Crash on login,0.67647374,1,,,,,,,,,,,
Used to work great now you it just crashes every time you try to log on,App crashes on login,0.66081685,1,,,,,,,,,,,
"even when disabling ALL automatic uploads, it still tries to upload files.",automatic upload does not automatically upload,0.7523539,0,,,,,,,,,,,
"even when disabling ALL automatic uploads, it still tries to upload files.",auto upload doesn`t auto upload files ,0.7465169,0,,,,,,,,,,,
"even when disabling ALL automatic uploads, it still tries to upload files.",Auto upload not respecting upload behavior setting,0.73847795,1,,,,,,,,,,,
"Nice, getting better with every version. Auto upload still not totally reliable. A good feature would be implementing file details with metadata support (the kind of details that the Metadata app is providing on the web UI, like EXIF - not sure if it's possible to get the information via that App when it is installed?).",Automatic upload from Android,0.663684,0,,,,,,,,,,,
"Nice, getting better with every version. Auto upload still not totally reliable. A good feature would be implementing file details with metadata support (the kind of details that the Metadata app is providing on the web UI, like EXIF - not sure if it's possible to get the information via that App when it is installed?).",AutoUpload uploads .thumbnails as well,0.644089,0,,,,,,,,,,,
"Nice, getting better with every version. Auto upload still not totally reliable. A good feature would be implementing file details with metadata support (the kind of details that the Metadata app is providing on the web UI, like EXIF - not sure if it's possible to get the information via that App when it is installed?).",automatic upload does not automatically upload,0.6291651,0,,,,,,,,,,,
