feedback,issue,distance
"The worst app i have ever seen. By the way i dont get any notification about new messages. I only see messages whenever i remember Signal app exists in my phone, i go on the app click on it then see messages that have been waiting for ages come up. why is it like that?","i deleted signal app from my android phone but when i reinstalled again with the same phone number, signal doesn't send me the verification code ! help please",0.7877788
"The worst app i have ever seen. By the way i dont get any notification about new messages. I only see messages whenever i remember Signal app exists in my phone, i go on the app click on it then see messages that have been waiting for ages come up. why is it like that?","Holy shit, what a way to respond to a valid point. Sorry for bothering your highness with my banalities!",0.7051399
"The worst app i have ever seen. By the way i dont get any notification about new messages. I only see messages whenever i remember Signal app exists in my phone, i go on the app click on it then see messages that have been waiting for ages come up. why is it like that?",When a text is sent through Google Assistant the sent message is not shown in Signal/Updated into signal's SMS database.,0.67686266
"Newest update changes camera to add features, but drastically reduces quality of photos. Now it seems like the app just takes a screenshot of the viewfinder, rather than taking a photo and gaining from software postprocessing on my phone. I'm sure it made sense to add these features, but the app is much less useful to me now with a worse camera.","i deleted signal app from my android phone but when i reinstalled again with the same phone number, signal doesn't send me the verification code ! help please",0.7655175
"Newest update changes camera to add features, but drastically reduces quality of photos. Now it seems like the app just takes a screenshot of the viewfinder, rather than taking a photo and gaining from software postprocessing on my phone. I'm sure it made sense to add these features, but the app is much less useful to me now with a worse camera.","Holy shit, what a way to respond to a valid point. Sorry for bothering your highness with my banalities!",0.7530781
"Newest update changes camera to add features, but drastically reduces quality of photos. Now it seems like the app just takes a screenshot of the viewfinder, rather than taking a photo and gaining from software postprocessing on my phone. I'm sure it made sense to add these features, but the app is much less useful to me now with a worse camera.",[Proposal for a registration improvement] When registering a tablet w/o SMS functions and using temporarily a second SMS enabled device: allow to manually enter the six-digit code during step 2,0.6985374
"Just like Whatsapp but safer and with Dark Mode but without these features: - Deleted messages only are deleted from your side. - The link preview for YouTube doesn't work properly as of 02/2020, after months of users complaining about it. For me it worked only one time- When you have an open chat and you go to another app and then return to the app, it always comes back to the list of Signal contacts window, not to the active chat window","i deleted signal app from my android phone but when i reinstalled again with the same phone number, signal doesn't send me the verification code ! help please",0.76735055
"Just like Whatsapp but safer and with Dark Mode but without these features: - Deleted messages only are deleted from your side. - The link preview for YouTube doesn't work properly as of 02/2020, after months of users complaining about it. For me it worked only one time- When you have an open chat and you go to another app and then return to the app, it always comes back to the list of Signal contacts window, not to the active chat window","Holy shit, what a way to respond to a valid point. Sorry for bothering your highness with my banalities!",0.7345983
"Just like Whatsapp but safer and with Dark Mode but without these features: - Deleted messages only are deleted from your side. - The link preview for YouTube doesn't work properly as of 02/2020, after months of users complaining about it. For me it worked only one time- When you have an open chat and you go to another app and then return to the app, it always comes back to the list of Signal contacts window, not to the active chat window",[Proposal for a registration improvement] When registering a tablet w/o SMS functions and using temporarily a second SMS enabled device: allow to manually enter the six-digit code during step 2,0.6974125
"Everything all right but two small things - it is very uncomfortable for me that there is no delete option inside message, and I can't share multiple photos at once.","i deleted signal app from my android phone but when i reinstalled again with the same phone number, signal doesn't send me the verification code ! help please",0.69448113
"Everything all right but two small things - it is very uncomfortable for me that there is no delete option inside message, and I can't share multiple photos at once.","Holy shit, what a way to respond to a valid point. Sorry for bothering your highness with my banalities!",0.65676993
"Everything all right but two small things - it is very uncomfortable for me that there is no delete option inside message, and I can't share multiple photos at once.",When a text is sent through Google Assistant the sent message is not shown in Signal/Updated into signal's SMS database.,0.6454313
"It never saves my groups or the group name, making it very irritating to text my family. You also can't send more than one photo. -Moto G7, Android 9.","i deleted signal app from my android phone but when i reinstalled again with the same phone number, signal doesn't send me the verification code ! help please",0.71601593
"It never saves my groups or the group name, making it very irritating to text my family. You also can't send more than one photo. -Moto G7, Android 9.","Holy shit, what a way to respond to a valid point. Sorry for bothering your highness with my banalities!",0.70582205
"It never saves my groups or the group name, making it very irritating to text my family. You also can't send more than one photo. -Moto G7, Android 9.","[Suggestion] Allow arbitrary file types (txt, zip, apk, pdf ...) to be sent as attachments, not only audio/video/media",0.6707774
"good for privacy but a bunch of glitches. on rare occasion, it will suddenly send me a few hours' worth of texts - and not in chronological order either. i believe it's because Signal spontaneously relies on my phone's data being switched on to receive messages, despite that the senders are not fellow Signal users nor sending me encrypted messages. also it occasionally shuts down because of some error, making me lose whatever i was composing.","i deleted signal app from my android phone but when i reinstalled again with the same phone number, signal doesn't send me the verification code ! help please",0.790396
"good for privacy but a bunch of glitches. on rare occasion, it will suddenly send me a few hours' worth of texts - and not in chronological order either. i believe it's because Signal spontaneously relies on my phone's data being switched on to receive messages, despite that the senders are not fellow Signal users nor sending me encrypted messages. also it occasionally shuts down because of some error, making me lose whatever i was composing.","Holy shit, what a way to respond to a valid point. Sorry for bothering your highness with my banalities!",0.76205015
"good for privacy but a bunch of glitches. on rare occasion, it will suddenly send me a few hours' worth of texts - and not in chronological order either. i believe it's because Signal spontaneously relies on my phone's data being switched on to receive messages, despite that the senders are not fellow Signal users nor sending me encrypted messages. also it occasionally shuts down because of some error, making me lose whatever i was composing.",When a text is sent through Google Assistant the sent message is not shown in Signal/Updated into signal's SMS database.,0.7561751
"General a good secure app, voice calls sometimes glitches.","Holy shit, what a way to respond to a valid point. Sorry for bothering your highness with my banalities!",0.62740946
"General a good secure app, voice calls sometimes glitches.",Duplicate crypted message in default sms app if textsecure is locked,0.62568414
"General a good secure app, voice calls sometimes glitches.","i deleted signal app from my android phone but when i reinstalled again with the same phone number, signal doesn't send me the verification code ! help please",0.6151974
"it is a good app. i am mostly satisfied with it but sometimes, the notifications would not work; so, I would not know that someone messaged me until I open the app. it might have been fixed because it hasn't been happening in the last month or so. Would recommended.","i deleted signal app from my android phone but when i reinstalled again with the same phone number, signal doesn't send me the verification code ! help please",0.7404981
"it is a good app. i am mostly satisfied with it but sometimes, the notifications would not work; so, I would not know that someone messaged me until I open the app. it might have been fixed because it hasn't been happening in the last month or so. Would recommended.","Holy shit, what a way to respond to a valid point. Sorry for bothering your highness with my banalities!",0.6927038
"it is a good app. i am mostly satisfied with it but sometimes, the notifications would not work; so, I would not know that someone messaged me until I open the app. it might have been fixed because it hasn't been happening in the last month or so. Would recommended.",[4.25.1] Signal crashes when trying to use shortcuts with a launcher that doesn't support it.,0.68551713
Opened up my SMSes today and was locked out from them by Signal. It is insisting I create a pin so it can upload data to their cloud servers. I feel like they have violated my trust.,"Holy shit, what a way to respond to a valid point. Sorry for bothering your highness with my banalities!",0.70642114
Opened up my SMSes today and was locked out from them by Signal. It is insisting I create a pin so it can upload data to their cloud servers. I feel like they have violated my trust.,"i deleted signal app from my android phone but when i reinstalled again with the same phone number, signal doesn't send me the verification code ! help please",0.7032746
Opened up my SMSes today and was locked out from them by Signal. It is insisting I create a pin so it can upload data to their cloud servers. I feel like they have violated my trust.,When a text is sent through Google Assistant the sent message is not shown in Signal/Updated into signal's SMS database.,0.6873313
Is the notification dot supposed to work? is annoying it doesnt show when there are unread messages. In general I feel Signal is worse at highlighting unread threads. I am also lacking a way to Mark as Unread for later.,When a text is sent through Google Assistant the sent message is not shown in Signal/Updated into signal's SMS database.,0.70429415
Is the notification dot supposed to work? is annoying it doesnt show when there are unread messages. In general I feel Signal is worse at highlighting unread threads. I am also lacking a way to Mark as Unread for later.,"Holy shit, what a way to respond to a valid point. Sorry for bothering your highness with my banalities!",0.69243747
Is the notification dot supposed to work? is annoying it doesnt show when there are unread messages. In general I feel Signal is worse at highlighting unread threads. I am also lacking a way to Mark as Unread for later.,"i deleted signal app from my android phone but when i reinstalled again with the same phone number, signal doesn't send me the verification code ! help please",0.68033755
"Don't use unless you want to lose your messages. Terrible backup restoration support. The backup file has to be in a particular directory on the first launch, or it doesn't even show the option for restoring a backup.","Holy shit, what a way to respond to a valid point. Sorry for bothering your highness with my banalities!",0.74851525
"Don't use unless you want to lose your messages. Terrible backup restoration support. The backup file has to be in a particular directory on the first launch, or it doesn't even show the option for restoring a backup.",[4.25.1] Signal crashes when trying to use shortcuts with a launcher that doesn't support it.,0.737968
"Don't use unless you want to lose your messages. Terrible backup restoration support. The backup file has to be in a particular directory on the first launch, or it doesn't even show the option for restoring a backup.","i deleted signal app from my android phone but when i reinstalled again with the same phone number, signal doesn't send me the verification code ! help please",0.7325198
"Keep seeing reviews that the update messed up the app. I didnt have the app before the update so cant comment on that. The app seems to be working fine for me. I like the interface and settings available. Calls routed through their servers arent super clear though, but you can choose to use your provider.","i deleted signal app from my android phone but when i reinstalled again with the same phone number, signal doesn't send me the verification code ! help please",0.7439544
"Keep seeing reviews that the update messed up the app. I didnt have the app before the update so cant comment on that. The app seems to be working fine for me. I like the interface and settings available. Calls routed through their servers arent super clear though, but you can choose to use your provider.","Holy shit, what a way to respond to a valid point. Sorry for bothering your highness with my banalities!",0.71091545
"Keep seeing reviews that the update messed up the app. I didnt have the app before the update so cant comment on that. The app seems to be working fine for me. I like the interface and settings available. Calls routed through their servers arent super clear though, but you can choose to use your provider.",[4.25.1] Signal crashes when trying to use shortcuts with a launcher that doesn't support it.,0.6787194
"My signal app keeps crashing when I try to open it. I contacted support twice over the past 2 weeks, but haven't received any response. I get the impression that signal deleted my data somehow. Nice that privacy is the highest priority, but it's also nice to still have your data.","i deleted signal app from my android phone but when i reinstalled again with the same phone number, signal doesn't send me the verification code ! help please",0.77427953
"My signal app keeps crashing when I try to open it. I contacted support twice over the past 2 weeks, but haven't received any response. I get the impression that signal deleted my data somehow. Nice that privacy is the highest priority, but it's also nice to still have your data.","Holy shit, what a way to respond to a valid point. Sorry for bothering your highness with my banalities!",0.72617817
"My signal app keeps crashing when I try to open it. I contacted support twice over the past 2 weeks, but haven't received any response. I get the impression that signal deleted my data somehow. Nice that privacy is the highest priority, but it's also nice to still have your data.",[4.25.1] Signal crashes when trying to use shortcuts with a launcher that doesn't support it.,0.70676315
"Excellent application that can bring encryption and privacy to the masses. I would love to see integrated: OTR (OFF THE RECORD) messaging capabilities to add the ultimate privacy experience. Small issue: messages sent using android API don't show up in history but work. Makes conversations had after sending a message using voice commands a bit confusing. But because they work i didn't penalize you, unless it's not fixed.. then i will adjust. ðŸ˜‰","i deleted signal app from my android phone but when i reinstalled again with the same phone number, signal doesn't send me the verification code ! help please",0.77662015
"Excellent application that can bring encryption and privacy to the masses. I would love to see integrated: OTR (OFF THE RECORD) messaging capabilities to add the ultimate privacy experience. Small issue: messages sent using android API don't show up in history but work. Makes conversations had after sending a message using voice commands a bit confusing. But because they work i didn't penalize you, unless it's not fixed.. then i will adjust. ðŸ˜‰","Holy shit, what a way to respond to a valid point. Sorry for bothering your highness with my banalities!",0.76118374
"Excellent application that can bring encryption and privacy to the masses. I would love to see integrated: OTR (OFF THE RECORD) messaging capabilities to add the ultimate privacy experience. Small issue: messages sent using android API don't show up in history but work. Makes conversations had after sending a message using voice commands a bit confusing. But because they work i didn't penalize you, unless it's not fixed.. then i will adjust. ðŸ˜‰","Exception after attempting to share photo: Database: net.sqlcipher.database.SQLiteException: file is not a database: , while compiling: select count(*) from sqlite_master;",0.74152505
Messages tend to send out of order in group chats. The recovery key is hit or miss. I lost a lot of conversations after doing a restore. Definitely used to be better.,"Holy shit, what a way to respond to a valid point. Sorry for bothering your highness with my banalities!",0.76171607
Messages tend to send out of order in group chats. The recovery key is hit or miss. I lost a lot of conversations after doing a restore. Definitely used to be better.,When a text is sent through Google Assistant the sent message is not shown in Signal/Updated into signal's SMS database.,0.70960456
Messages tend to send out of order in group chats. The recovery key is hit or miss. I lost a lot of conversations after doing a restore. Definitely used to be better.,"Adding a contact to a group results in ""Failed to update the group"" toast",0.7093751
i message my boyfriend with this exclusively instead of text. love it. calls are spotty but they sound terrific when it works. not a huge fan of the video chat since it doesn't rotate to landscape and you cant move your selfie-cam window,"i deleted signal app from my android phone but when i reinstalled again with the same phone number, signal doesn't send me the verification code ! help please",0.74778837
i message my boyfriend with this exclusively instead of text. love it. calls are spotty but they sound terrific when it works. not a huge fan of the video chat since it doesn't rotate to landscape and you cant move your selfie-cam window,[4.25.1] Signal crashes when trying to use shortcuts with a launcher that doesn't support it.,0.7130433
i message my boyfriend with this exclusively instead of text. love it. calls are spotty but they sound terrific when it works. not a huge fan of the video chat since it doesn't rotate to landscape and you cant move your selfie-cam window,"Holy shit, what a way to respond to a valid point. Sorry for bothering your highness with my banalities!",0.7099724
Connection issues. Keep getting kicked off on call. Callers soind robotic most of the time. Not very reliable. Text messaging works well though.,"Incoming calls over VPN take extremely long to ""connect"" (85-250s). (the VPN in question works well with other VoIP, i.e. plaintext calls with Groundwire + callcentric)",0.6403629
Connection issues. Keep getting kicked off on call. Callers soind robotic most of the time. Not very reliable. Text messaging works well though.,When a text is sent through Google Assistant the sent message is not shown in Signal/Updated into signal's SMS database.,0.6256839
Connection issues. Keep getting kicked off on call. Callers soind robotic most of the time. Not very reliable. Text messaging works well though.,NPE in java.io.OutputStream.write() when creating backup,0.6230773
"So here's a really basic issue: playback pauses as soon as the screen is turned off, regardless of whether this is due to locking the screen. My phone turns off the screen if I hold it next to my cheek. This makes listening to audio-messages in private without headphones nigh-impossible.","Holy shit, what a way to respond to a valid point. Sorry for bothering your highness with my banalities!",0.7519276
"So here's a really basic issue: playback pauses as soon as the screen is turned off, regardless of whether this is due to locking the screen. My phone turns off the screen if I hold it next to my cheek. This makes listening to audio-messages in private without headphones nigh-impossible.",After a call the audio of the recipient's phone is stuck to earpiece speaker,0.73547
"So here's a really basic issue: playback pauses as soon as the screen is turned off, regardless of whether this is due to locking the screen. My phone turns off the screen if I hold it next to my cheek. This makes listening to audio-messages in private without headphones nigh-impossible.","i deleted signal app from my android phone but when i reinstalled again with the same phone number, signal doesn't send me the verification code ! help please",0.72927284
"Photos don't come out right, even when sent/recieved from non-signal users. Will bump this back up to 5 stars when fixed :)","i deleted signal app from my android phone but when i reinstalled again with the same phone number, signal doesn't send me the verification code ! help please",0.70022166
"Photos don't come out right, even when sent/recieved from non-signal users. Will bump this back up to 5 stars when fixed :)","Exception after attempting to share photo: Database: net.sqlcipher.database.SQLiteException: file is not a database: , while compiling: select count(*) from sqlite_master;",0.6798287
"Photos don't come out right, even when sent/recieved from non-signal users. Will bump this back up to 5 stars when fixed :)","Holy shit, what a way to respond to a valid point. Sorry for bothering your highness with my banalities!",0.6765079
what is going on with group chats... I don't seem to be getting them consistently. some I get some I don't. I can't get group chats if I don't start them.... what's up?,[4.25.1] Signal crashes when trying to use shortcuts with a launcher that doesn't support it.,0.67116725
what is going on with group chats... I don't seem to be getting them consistently. some I get some I don't. I can't get group chats if I don't start them.... what's up?,emoji selector doesn't work with physical keyboards,0.66376656
what is going on with group chats... I don't seem to be getting them consistently. some I get some I don't. I can't get group chats if I don't start them.... what's up?,TextSecure doesn't intercept key exchange messages when 'use for all sms' is unticked.,0.6561576
Was fine for plain text messages but when I received a vCard for a contact it froze my Samsung Note 8. Had to switch to a different app that could handle MMS.,"Holy shit, what a way to respond to a valid point. Sorry for bothering your highness with my banalities!",0.7434243
Was fine for plain text messages but when I received a vCard for a contact it froze my Samsung Note 8. Had to switch to a different app that could handle MMS.,[Proposal for a registration improvement] When registering a tablet w/o SMS functions and using temporarily a second SMS enabled device: allow to manually enter the six-digit code during step 2,0.73013973
Was fine for plain text messages but when I received a vCard for a contact it froze my Samsung Note 8. Had to switch to a different app that could handle MMS.,"i deleted signal app from my android phone but when i reinstalled again with the same phone number, signal doesn't send me the verification code ! help please",0.7226267
Call gets dropped frequently. Most of the time if someone calls me I am only notified after they hang up as a missed call. Same happens if I call them too. They don't get the call and just get a missed call notification.,"i deleted signal app from my android phone but when i reinstalled again with the same phone number, signal doesn't send me the verification code ! help please",0.722502
Call gets dropped frequently. Most of the time if someone calls me I am only notified after they hang up as a missed call. Same happens if I call them too. They don't get the call and just get a missed call notification.,"Can't call or recieve call, always gets a misscall",0.6934474
Call gets dropped frequently. Most of the time if someone calls me I am only notified after they hang up as a missed call. Same happens if I call them too. They don't get the call and just get a missed call notification.,"Holy shit, what a way to respond to a valid point. Sorry for bothering your highness with my banalities!",0.69018334
"I received odd texts after installing this app. Will not use as a default, too scary.","i deleted signal app from my android phone but when i reinstalled again with the same phone number, signal doesn't send me the verification code ! help please",0.6618437
"I received odd texts after installing this app. Will not use as a default, too scary.","Holy shit, what a way to respond to a valid point. Sorry for bothering your highness with my banalities!",0.62543046
"I received odd texts after installing this app. Will not use as a default, too scary.",When a text is sent through Google Assistant the sent message is not shown in Signal/Updated into signal's SMS database.,0.62485397
"Really like the app and have managed to get friends and family to move over to get away from the large FB owned message app BUT what's the problem with calls? My phone doesn't ring, it only shows missed calls. I've done everything to try and rectify this but nothing works. Do I really need to go back to the data thieves?","i deleted signal app from my android phone but when i reinstalled again with the same phone number, signal doesn't send me the verification code ! help please",0.75365335
"Really like the app and have managed to get friends and family to move over to get away from the large FB owned message app BUT what's the problem with calls? My phone doesn't ring, it only shows missed calls. I've done everything to try and rectify this but nothing works. Do I really need to go back to the data thieves?","Holy shit, what a way to respond to a valid point. Sorry for bothering your highness with my banalities!",0.73166835
"Really like the app and have managed to get friends and family to move over to get away from the large FB owned message app BUT what's the problem with calls? My phone doesn't ring, it only shows missed calls. I've done everything to try and rectify this but nothing works. Do I really need to go back to the data thieves?",After a call the audio of the recipient's phone is stuck to earpiece speaker,0.6718728
Messages sent from none signal subscribers (like my bank) seem to take 10 to 15 minutes to arrive. Sometimes even longer.,"Holy shit, what a way to respond to a valid point. Sorry for bothering your highness with my banalities!",0.6457421
Messages sent from none signal subscribers (like my bank) seem to take 10 to 15 minutes to arrive. Sometimes even longer.,When a text is sent through Google Assistant the sent message is not shown in Signal/Updated into signal's SMS database.,0.64022166
Messages sent from none signal subscribers (like my bank) seem to take 10 to 15 minutes to arrive. Sometimes even longer.,"i deleted signal app from my android phone but when i reinstalled again with the same phone number, signal doesn't send me the verification code ! help please",0.62117034
"I enjoy the app but I never get a notification when I receive a message, even though I adjusted my settings.","i deleted signal app from my android phone but when i reinstalled again with the same phone number, signal doesn't send me the verification code ! help please",0.7151897
"I enjoy the app but I never get a notification when I receive a message, even though I adjusted my settings.","Holy shit, what a way to respond to a valid point. Sorry for bothering your highness with my banalities!",0.6545193
"I enjoy the app but I never get a notification when I receive a message, even though I adjusted my settings.","Send a ""aborting session"" notification accross the channel, close the session upon receiving it.",0.6461332
"Notifications often do not clear after reading messages. Chat itself works well but this bug is quite annoying. Update: months later this bug is actually worse, notifications still often remain after hours.",When a text is sent through Google Assistant the sent message is not shown in Signal/Updated into signal's SMS database.,0.61043084
"Notifications often do not clear after reading messages. Chat itself works well but this bug is quite annoying. Update: months later this bug is actually worse, notifications still often remain after hours.","Exception after attempting to share photo: Database: net.sqlcipher.database.SQLiteException: file is not a database: , while compiling: select count(*) from sqlite_master;",0.59798706
"Notifications often do not clear after reading messages. Chat itself works well but this bug is quite annoying. Update: months later this bug is actually worse, notifications still often remain after hours.","i deleted signal app from my android phone but when i reinstalled again with the same phone number, signal doesn't send me the verification code ! help please",0.55532634
Forced to use a PIN number. Which I don't want to use. Deleted the app because it froze and when I reinstalled it all my messages were gone. Lost a ton of information. Garbage.,"Holy shit, what a way to respond to a valid point. Sorry for bothering your highness with my banalities!",0.7692885
Forced to use a PIN number. Which I don't want to use. Deleted the app because it froze and when I reinstalled it all my messages were gone. Lost a ton of information. Garbage.,"i deleted signal app from my android phone but when i reinstalled again with the same phone number, signal doesn't send me the verification code ! help please",0.768283
Forced to use a PIN number. Which I don't want to use. Deleted the app because it froze and when I reinstalled it all my messages were gone. Lost a ton of information. Garbage.,[Feature Request] Copy messages with a emtpy string between them and inserting nicknames in a copy buffer,0.72667
Earlier this app used to run very smoothly but from past few days as soon as I'm opening this app it immediately colses by itself. What is wrong has happened. Just fix it,"i deleted signal app from my android phone but when i reinstalled again with the same phone number, signal doesn't send me the verification code ! help please",0.6622747
Earlier this app used to run very smoothly but from past few days as soon as I'm opening this app it immediately colses by itself. What is wrong has happened. Just fix it,[4.25.1] Signal crashes when trying to use shortcuts with a launcher that doesn't support it.,0.6248302
Earlier this app used to run very smoothly but from past few days as soon as I'm opening this app it immediately colses by itself. What is wrong has happened. Just fix it,When a text is sent through Google Assistant the sent message is not shown in Signal/Updated into signal's SMS database.,0.6245415
So confusing! Most messages are significantly delayed and it's hard to tell who they're from and how to respond to the right person.,"Holy shit, what a way to respond to a valid point. Sorry for bothering your highness with my banalities!",0.6800994
So confusing! Most messages are significantly delayed and it's hard to tell who they're from and how to respond to the right person.,"i deleted signal app from my android phone but when i reinstalled again with the same phone number, signal doesn't send me the verification code ! help please",0.6349566
So confusing! Most messages are significantly delayed and it's hard to tell who they're from and how to respond to the right person.,When a text is sent through Google Assistant the sent message is not shown in Signal/Updated into signal's SMS database.,0.6204992
"App closes every time I try to read a message or send one. Have cleared cache, all data and restarted it. Can't add numbers or send messages. Very strange.","i deleted signal app from my android phone but when i reinstalled again with the same phone number, signal doesn't send me the verification code ! help please",0.69792265
"App closes every time I try to read a message or send one. Have cleared cache, all data and restarted it. Can't add numbers or send messages. Very strange.",When a text is sent through Google Assistant the sent message is not shown in Signal/Updated into signal's SMS database.,0.6952432
"App closes every time I try to read a message or send one. Have cleared cache, all data and restarted it. Can't add numbers or send messages. Very strange.","Holy shit, what a way to respond to a valid point. Sorry for bothering your highness with my banalities!",0.68876386
Never fails even when no regular phone signal. Update to my opinion of this app. Has become very user unfriendly. Won't let you use the app unless you meet their demands every 2 seconds while you are trying to use it. I am uninstalling it.,"i deleted signal app from my android phone but when i reinstalled again with the same phone number, signal doesn't send me the verification code ! help please",0.7238176
Never fails even when no regular phone signal. Update to my opinion of this app. Has become very user unfriendly. Won't let you use the app unless you meet their demands every 2 seconds while you are trying to use it. I am uninstalling it.,[4.25.1] Signal crashes when trying to use shortcuts with a launcher that doesn't support it.,0.6943191
Never fails even when no regular phone signal. Update to my opinion of this app. Has become very user unfriendly. Won't let you use the app unless you meet their demands every 2 seconds while you are trying to use it. I am uninstalling it.,"Holy shit, what a way to respond to a valid point. Sorry for bothering your highness with my banalities!",0.6878382
"Update, after one year use. No favorite or star tool for needed messages.Forward them to the notes to self. I had issues with uploading media, documents, photos or videos. It doesn't allow uploading multiple ones, and sometimes the app freezes on uploading and holds on all following messages. For unknowns reasons, the calling service does not connect. I have these issues in multiple countries, including the US, and multiple devices, Android or iOS.","Holy shit, what a way to respond to a valid point. Sorry for bothering your highness with my banalities!",0.70334804
"Update, after one year use. No favorite or star tool for needed messages.Forward them to the notes to self. I had issues with uploading media, documents, photos or videos. It doesn't allow uploading multiple ones, and sometimes the app freezes on uploading and holds on all following messages. For unknowns reasons, the calling service does not connect. I have these issues in multiple countries, including the US, and multiple devices, Android or iOS.","Exception after attempting to share photo: Database: net.sqlcipher.database.SQLiteException: file is not a database: , while compiling: select count(*) from sqlite_master;",0.6836116
"Update, after one year use. No favorite or star tool for needed messages.Forward them to the notes to self. I had issues with uploading media, documents, photos or videos. It doesn't allow uploading multiple ones, and sometimes the app freezes on uploading and holds on all following messages. For unknowns reasons, the calling service does not connect. I have these issues in multiple countries, including the US, and multiple devices, Android or iOS.","i deleted signal app from my android phone but when i reinstalled again with the same phone number, signal doesn't send me the verification code ! help please",0.68318146
"Overall, a fantastic app that I think maaaany more people should use. I have some issues though. Contacts only sync with your phone when you have a cellular signal. There isn't a good way to see all of the people in group chats. I get they are shooting for minimalism but it looks a little plain. I can't put my finger on it, but it is just missing something. Once again, other than that: I have only had good experiences with this app.","Holy shit, what a way to respond to a valid point. Sorry for bothering your highness with my banalities!",0.7827942
"Overall, a fantastic app that I think maaaany more people should use. I have some issues though. Contacts only sync with your phone when you have a cellular signal. There isn't a good way to see all of the people in group chats. I get they are shooting for minimalism but it looks a little plain. I can't put my finger on it, but it is just missing something. Once again, other than that: I have only had good experiences with this app.","i deleted signal app from my android phone but when i reinstalled again with the same phone number, signal doesn't send me the verification code ! help please",0.7557094
"Overall, a fantastic app that I think maaaany more people should use. I have some issues though. Contacts only sync with your phone when you have a cellular signal. There isn't a good way to see all of the people in group chats. I get they are shooting for minimalism but it looks a little plain. I can't put my finger on it, but it is just missing something. Once again, other than that: I have only had good experiences with this app.",[4.25.1] Signal crashes when trying to use shortcuts with a launcher that doesn't support it.,0.7275586
"Great app overall! I would have given 5 stars, however, there can be issues with texting and calling. Sometimes it doesnt get a signal or something happens to where i get like 5 text msgs all at once, that were suppose to be sent periodically witnin the last 30min. When I make a phone call, most of the time evertrhing is fine but sometimes ""Signal"" doesn't connect properly, or at all and i have to give up trying to use it.Not sure exactly what happens there but it does not connect sometimes.","Holy shit, what a way to respond to a valid point. Sorry for bothering your highness with my banalities!",0.7755572
"Great app overall! I would have given 5 stars, however, there can be issues with texting and calling. Sometimes it doesnt get a signal or something happens to where i get like 5 text msgs all at once, that were suppose to be sent periodically witnin the last 30min. When I make a phone call, most of the time evertrhing is fine but sometimes ""Signal"" doesn't connect properly, or at all and i have to give up trying to use it.Not sure exactly what happens there but it does not connect sometimes.","i deleted signal app from my android phone but when i reinstalled again with the same phone number, signal doesn't send me the verification code ! help please",0.7753485
"Great app overall! I would have given 5 stars, however, there can be issues with texting and calling. Sometimes it doesnt get a signal or something happens to where i get like 5 text msgs all at once, that were suppose to be sent periodically witnin the last 30min. When I make a phone call, most of the time evertrhing is fine but sometimes ""Signal"" doesn't connect properly, or at all and i have to give up trying to use it.Not sure exactly what happens there but it does not connect sometimes.",[4.25.1] Signal crashes when trying to use shortcuts with a launcher that doesn't support it.,0.71210015
It is very worst application.it is frequently hanged. Messages are Updating very delayed.. sometimes messages are not Updating.We can't delete message.also we cant delete Messages from group.also no any group admin..any one can add any one to group.and also no any admin and ee cant remove any one from group.disabling feature is alos very bad.we cant forword ine message in different groups or person.overall its very bad application.please improve features as said above immediately.,"Holy shit, what a way to respond to a valid point. Sorry for bothering your highness with my banalities!",0.7148142
It is very worst application.it is frequently hanged. Messages are Updating very delayed.. sometimes messages are not Updating.We can't delete message.also we cant delete Messages from group.also no any group admin..any one can add any one to group.and also no any admin and ee cant remove any one from group.disabling feature is alos very bad.we cant forword ine message in different groups or person.overall its very bad application.please improve features as said above immediately.,"Exception after attempting to share photo: Database: net.sqlcipher.database.SQLiteException: file is not a database: , while compiling: select count(*) from sqlite_master;",0.7042777
It is very worst application.it is frequently hanged. Messages are Updating very delayed.. sometimes messages are not Updating.We can't delete message.also we cant delete Messages from group.also no any group admin..any one can add any one to group.and also no any admin and ee cant remove any one from group.disabling feature is alos very bad.we cant forword ine message in different groups or person.overall its very bad application.please improve features as said above immediately.,When a text is sent through Google Assistant the sent message is not shown in Signal/Updated into signal's SMS database.,0.693975
Messages aren't received in background anymore. Something broke in recent updates. Have to open app to get messages to come through. UPDATE: Seems the issue is resolved.,When a text is sent through Google Assistant the sent message is not shown in Signal/Updated into signal's SMS database.,0.7261858
Messages aren't received in background anymore. Something broke in recent updates. Have to open app to get messages to come through. UPDATE: Seems the issue is resolved.,"Exception after attempting to share photo: Database: net.sqlcipher.database.SQLiteException: file is not a database: , while compiling: select count(*) from sqlite_master;",0.6896013
Messages aren't received in background anymore. Something broke in recent updates. Have to open app to get messages to come through. UPDATE: Seems the issue is resolved.,"Holy shit, what a way to respond to a valid point. Sorry for bothering your highness with my banalities!",0.6883707
Works well but gives me 2 check marks immediately after sending my text. I know the receivers are not reading the texts so fast. Why 2 check marks?,"i deleted signal app from my android phone but when i reinstalled again with the same phone number, signal doesn't send me the verification code ! help please",0.66065043
Works well but gives me 2 check marks immediately after sending my text. I know the receivers are not reading the texts so fast. Why 2 check marks?,When a text is sent through Google Assistant the sent message is not shown in Signal/Updated into signal's SMS database.,0.6396834
Works well but gives me 2 check marks immediately after sending my text. I know the receivers are not reading the texts so fast. Why 2 check marks?,"Holy shit, what a way to respond to a valid point. Sorry for bothering your highness with my banalities!",0.5782983
"I used signal for my SMS messages, and now it crashes and I can't access my messages. Too bad if I had anything important I wanted to read! Removing this app from the store would improve the world more than its existence ever could.","i deleted signal app from my android phone but when i reinstalled again with the same phone number, signal doesn't send me the verification code ! help please",0.73140603
"I used signal for my SMS messages, and now it crashes and I can't access my messages. Too bad if I had anything important I wanted to read! Removing this app from the store would improve the world more than its existence ever could.","Holy shit, what a way to respond to a valid point. Sorry for bothering your highness with my banalities!",0.69031763
"I used signal for my SMS messages, and now it crashes and I can't access my messages. Too bad if I had anything important I wanted to read! Removing this app from the store would improve the world more than its existence ever could.",When a text is sent through Google Assistant the sent message is not shown in Signal/Updated into signal's SMS database.,0.65942776
2 stars now since nothing is getting fixed. Occasionally I'm getting playback errors on voicenotes and videos. When I reset my phone the same clip or video starts to play. VERY INCONVENIENT. Also I'm missing calls and not getting notified unless I open the app. Then it'll show the messages and that I missed a call. So if i don't open my app I won't receive anything? THAT'S ridiculous.,"i deleted signal app from my android phone but when i reinstalled again with the same phone number, signal doesn't send me the verification code ! help please",0.7872479
2 stars now since nothing is getting fixed. Occasionally I'm getting playback errors on voicenotes and videos. When I reset my phone the same clip or video starts to play. VERY INCONVENIENT. Also I'm missing calls and not getting notified unless I open the app. Then it'll show the messages and that I missed a call. So if i don't open my app I won't receive anything? THAT'S ridiculous.,"Holy shit, what a way to respond to a valid point. Sorry for bothering your highness with my banalities!",0.7238578
2 stars now since nothing is getting fixed. Occasionally I'm getting playback errors on voicenotes and videos. When I reset my phone the same clip or video starts to play. VERY INCONVENIENT. Also I'm missing calls and not getting notified unless I open the app. Then it'll show the messages and that I missed a call. So if i don't open my app I won't receive anything? THAT'S ridiculous.,[4.25.1] Signal crashes when trying to use shortcuts with a launcher that doesn't support it.,0.7034107
"Not very secure. After hanging up on a video call with my wife, we were still able to hear each other. We both could not find a way to hang up. Killing the app didn't work. I had to go to settings and force quit the Signal application.","Holy shit, what a way to respond to a valid point. Sorry for bothering your highness with my banalities!",0.76676244
"Not very secure. After hanging up on a video call with my wife, we were still able to hear each other. We both could not find a way to hang up. Killing the app didn't work. I had to go to settings and force quit the Signal application.","i deleted signal app from my android phone but when i reinstalled again with the same phone number, signal doesn't send me the verification code ! help please",0.7228008
"Not very secure. After hanging up on a video call with my wife, we were still able to hear each other. We both could not find a way to hang up. Killing the app didn't work. I had to go to settings and force quit the Signal application.","Send a ""aborting session"" notification accross the channel, close the session upon receiving it.",0.6771107
"I set Signal as my default app when my factory default Samsung text messaging app began delaying incoming messages by hours or days, or not delivering them at all. Signal does everything Samsung did, exept for scheduling later delivery. Signal adds more privacy and ability to make free international calls and video. I would often schedule Samsung SMS messages for next morning or Monday delivery. If Signal implements Scheduled Messages, I can think of no disadvantage to using it by default.",When a text is sent through Google Assistant the sent message is not shown in Signal/Updated into signal's SMS database.,0.72988534
"I set Signal as my default app when my factory default Samsung text messaging app began delaying incoming messages by hours or days, or not delivering them at all. Signal does everything Samsung did, exept for scheduling later delivery. Signal adds more privacy and ability to make free international calls and video. I would often schedule Samsung SMS messages for next morning or Monday delivery. If Signal implements Scheduled Messages, I can think of no disadvantage to using it by default.","i deleted signal app from my android phone but when i reinstalled again with the same phone number, signal doesn't send me the verification code ! help please",0.72656554
"I set Signal as my default app when my factory default Samsung text messaging app began delaying incoming messages by hours or days, or not delivering them at all. Signal does everything Samsung did, exept for scheduling later delivery. Signal adds more privacy and ability to make free international calls and video. I would often schedule Samsung SMS messages for next morning or Monday delivery. If Signal implements Scheduled Messages, I can think of no disadvantage to using it by default.","Holy shit, what a way to respond to a valid point. Sorry for bothering your highness with my banalities!",0.6716552
"I cant use this app because when I enter my phone number, it will send mme a coad but I can't find the edit box for the coad, beasically it is not accessible with talkback, plz fix this","i deleted signal app from my android phone but when i reinstalled again with the same phone number, signal doesn't send me the verification code ! help please",0.77492875
"I cant use this app because when I enter my phone number, it will send mme a coad but I can't find the edit box for the coad, beasically it is not accessible with talkback, plz fix this","Holy shit, what a way to respond to a valid point. Sorry for bothering your highness with my banalities!",0.731559
"I cant use this app because when I enter my phone number, it will send mme a coad but I can't find the edit box for the coad, beasically it is not accessible with talkback, plz fix this",[Feature Request] Copy messages with a emtpy string between them and inserting nicknames in a copy buffer,0.70120627
"I am not getting notifications. I have granted all the necessary permissions, and turned on all notifications. However, at one place the only options are either to allow '3 notifications a day' or none at all.","Holy shit, what a way to respond to a valid point. Sorry for bothering your highness with my banalities!",0.69727486
"I am not getting notifications. I have granted all the necessary permissions, and turned on all notifications. However, at one place the only options are either to allow '3 notifications a day' or none at all.","i deleted signal app from my android phone but when i reinstalled again with the same phone number, signal doesn't send me the verification code ! help please",0.68981844
"I am not getting notifications. I have granted all the necessary permissions, and turned on all notifications. However, at one place the only options are either to allow '3 notifications a day' or none at all.","Send a ""aborting session"" notification accross the channel, close the session upon receiving it.",0.66679174
The new update doesnt alert on sms messages from other signal users in my contact list. I get no notifications on messages. Neither does my wife and she has an iphone. Fix this!! Gonna have to go back to standard messaging till you fix.,"i deleted signal app from my android phone but when i reinstalled again with the same phone number, signal doesn't send me the verification code ! help please",0.74316186
The new update doesnt alert on sms messages from other signal users in my contact list. I get no notifications on messages. Neither does my wife and she has an iphone. Fix this!! Gonna have to go back to standard messaging till you fix.,"Holy shit, what a way to respond to a valid point. Sorry for bothering your highness with my banalities!",0.71951365
The new update doesnt alert on sms messages from other signal users in my contact list. I get no notifications on messages. Neither does my wife and she has an iphone. Fix this!! Gonna have to go back to standard messaging till you fix.,When a text is sent through Google Assistant the sent message is not shown in Signal/Updated into signal's SMS database.,0.7132736
Signal does everything I ask it to do except post videos longer than a few seconds. Fix that and you'll get another star.,"i deleted signal app from my android phone but when i reinstalled again with the same phone number, signal doesn't send me the verification code ! help please",0.6732201
Signal does everything I ask it to do except post videos longer than a few seconds. Fix that and you'll get another star.,"Holy shit, what a way to respond to a valid point. Sorry for bothering your highness with my banalities!",0.66601896
Signal does everything I ask it to do except post videos longer than a few seconds. Fix that and you'll get another star.,[4.25.1] Signal crashes when trying to use shortcuts with a launcher that doesn't support it.,0.6588983
"For a messaging app that is suppose to feature privacy as the main attraction, when you join it tells Everyone that you're there. The purpose of the app should be to allow you to choose who to share things with, and when. The calling system is also flawed as you don't receive a call, only a missed call notification. This hasn't been solved with updates.","Holy shit, what a way to respond to a valid point. Sorry for bothering your highness with my banalities!",0.7595345
"For a messaging app that is suppose to feature privacy as the main attraction, when you join it tells Everyone that you're there. The purpose of the app should be to allow you to choose who to share things with, and when. The calling system is also flawed as you don't receive a call, only a missed call notification. This hasn't been solved with updates.","i deleted signal app from my android phone but when i reinstalled again with the same phone number, signal doesn't send me the verification code ! help please",0.74056953
"For a messaging app that is suppose to feature privacy as the main attraction, when you join it tells Everyone that you're there. The purpose of the app should be to allow you to choose who to share things with, and when. The calling system is also flawed as you don't receive a call, only a missed call notification. This hasn't been solved with updates.",When a text is sent through Google Assistant the sent message is not shown in Signal/Updated into signal's SMS database.,0.7081321
"my main gripe with this is when i try to copy message text, the whole block is selected, and I can't just grab a number or address to paste somewhere. i like the app but i need that functionality for my job. would change rating if this is fixed","i deleted signal app from my android phone but when i reinstalled again with the same phone number, signal doesn't send me the verification code ! help please",0.80216736
"my main gripe with this is when i try to copy message text, the whole block is selected, and I can't just grab a number or address to paste somewhere. i like the app but i need that functionality for my job. would change rating if this is fixed","Holy shit, what a way to respond to a valid point. Sorry for bothering your highness with my banalities!",0.76825374
"my main gripe with this is when i try to copy message text, the whole block is selected, and I can't just grab a number or address to paste somewhere. i like the app but i need that functionality for my job. would change rating if this is fixed",[Proposal for a registration improvement] When registering a tablet w/o SMS functions and using temporarily a second SMS enabled device: allow to manually enter the six-digit code during step 2,0.707875
App keeps crashing during the initial setup. Cant get past it! If the app stops working the second you open it then the app must be absolute garbage.,"i deleted signal app from my android phone but when i reinstalled again with the same phone number, signal doesn't send me the verification code ! help please",0.6790058
App keeps crashing during the initial setup. Cant get past it! If the app stops working the second you open it then the app must be absolute garbage.,[4.25.1] Signal crashes when trying to use shortcuts with a launcher that doesn't support it.,0.629942
App keeps crashing during the initial setup. Cant get past it! If the app stops working the second you open it then the app must be absolute garbage.,"Send a ""aborting session"" notification accross the channel, close the session upon receiving it.",0.60609967
"I love this app, however I no longer receive notifications until I open the app. I was previously enrolled in beta and thought that was the reason for the lack of notifications. Please fix this.","i deleted signal app from my android phone but when i reinstalled again with the same phone number, signal doesn't send me the verification code ! help please",0.70069826
"I love this app, however I no longer receive notifications until I open the app. I was previously enrolled in beta and thought that was the reason for the lack of notifications. Please fix this.","Holy shit, what a way to respond to a valid point. Sorry for bothering your highness with my banalities!",0.63267624
"I love this app, however I no longer receive notifications until I open the app. I was previously enrolled in beta and thought that was the reason for the lack of notifications. Please fix this.",When a text is sent through Google Assistant the sent message is not shown in Signal/Updated into signal's SMS database.,0.6288651
