feedback,issue,distance,result,55/150,,,st-t5,,,feedback,issue,distance,40/100
"The worst app i have ever seen. By the way i dont get any notification about new messages. I only see messages whenever i remember Signal app exists in my phone, i go on the app click on it then see messages that have been waiting for ages come up. why is it like that?",Sometimes I don't receive Signal Messages until I open the app,[0.71782625],1,,,,"tensor([[0.8760]]) Sometimes I don't receive Signal Messages until I open the app tensor([[0.8679]]) Signal suddenly showing ""Retrieving a message"" notification and eating LOTS of battery tensor([[0.8630]]) Not getting notification in real time unless I open the app",,,"The worst app i have ever seen. By the way i dont get any notification about new messages. I only see messages whenever i remember Signal app exists in my phone, i go on the app click on it then see messages that have been waiting for ages come up. why is it like that?",Sometimes I don't receive Signal Messages until I open the app,[0.71782625],1
"The worst app i have ever seen. By the way i dont get any notification about new messages. I only see messages whenever i remember Signal app exists in my phone, i go on the app click on it then see messages that have been waiting for ages come up. why is it like that?","Native Android app sometimes captures messages, but Signal is the default app",[0.659485],0,,,,"tensor([[0.8693]]) In-app camera does not focus, pictures are not sharp tensor([[0.8662]]) In-app camera shows different images for preview and captured tensor([[0.8627]]) Quick capture preview with front camera doesn't match the actual taken picture",,,"The worst app i have ever seen. By the way i dont get any notification about new messages. I only see messages whenever i remember Signal app exists in my phone, i go on the app click on it then see messages that have been waiting for ages come up. why is it like that?","Native Android app sometimes captures messages, but Signal is the default app",[0.659485],0
"The worst app i have ever seen. By the way i dont get any notification about new messages. I only see messages whenever i remember Signal app exists in my phone, i go on the app click on it then see messages that have been waiting for ages come up. why is it like that?",Messages not sent from signal don't appear in signal app,[0.65641236],0,3,,,22/50,,,"Newest update changes camera to add features, but drastically reduces quality of photos. Now it seems like the app just takes a screenshot of the viewfinder, rather than taking a photo and gaining from software postprocessing on my phone. I'm sure it made sense to add these features, but the app is much less useful to me now with a worse camera.",Camera function uses wrong app.,[0.53817034],0
"Newest update changes camera to add features, but drastically reduces quality of photos. Now it seems like the app just takes a screenshot of the viewfinder, rather than taking a photo and gaining from software postprocessing on my phone. I'm sure it made sense to add these features, but the app is much less useful to me now with a worse camera.",Camera function uses wrong app.,[0.53817034],0,,"The worst app i have ever seen. By the way i dont get any notification about new messages. I only see messages whenever i remember Signal app exists in my phone, i go on the app click on it then see messages that have been waiting for ages come up. why is it like that?",Sometimes I don't receive Signal Messages until I open the app,1,,,"Newest update changes camera to add features, but drastically reduces quality of photos. Now it seems like the app just takes a screenshot of the viewfinder, rather than taking a photo and gaining from software postprocessing on my phone. I'm sure it made sense to add these features, but the app is much less useful to me now with a worse camera.",In-app camera shows different images for preview and captured,[0.5245644],1
"Newest update changes camera to add features, but drastically reduces quality of photos. Now it seems like the app just takes a screenshot of the viewfinder, rather than taking a photo and gaining from software postprocessing on my phone. I'm sure it made sense to add these features, but the app is much less useful to me now with a worse camera.",In-app camera shows different images for preview and captured,[0.5245644],1,,"Newest update changes camera to add features, but drastically reduces quality of photos. Now it seems like the app just takes a screenshot of the viewfinder, rather than taking a photo and gaining from software postprocessing on my phone. I'm sure it made sense to add these features, but the app is much less useful to me now with a worse camera.",Camera function uses wrong app.,0,,,"Just like Whatsapp but safer and with Dark Mode but without these features: - Deleted messages only are deleted from your side. - The link preview for YouTube doesn't work properly as of 02/2020, after months of users complaining about it. For me it worked only one time- When you have an open chat and you go to another app and then return to the app, it always comes back to the list of Signal contacts window, not to the active chat window","With disappearing message timer on, preview of last deleted message still displays in main app screen",[0.5393725],0
"Newest update changes camera to add features, but drastically reduces quality of photos. Now it seems like the app just takes a screenshot of the viewfinder, rather than taking a photo and gaining from software postprocessing on my phone. I'm sure it made sense to add these features, but the app is much less useful to me now with a worse camera.",[Feature Request] Additional Camera Button Options,[0.5158811],0,4,"Just like Whatsapp but safer and with Dark Mode but without these features: - Deleted messages only are deleted from your side. - The link preview for YouTube doesn't work properly as of 02/2020, after months of users complaining about it. For me it worked only one time- When you have an open chat and you go to another app and then return to the app, it always comes back to the list of Signal contacts window, not to the active chat window","With disappearing message timer on, preview of last deleted message still displays in main app screen",0,,,"Just like Whatsapp but safer and with Dark Mode but without these features: - Deleted messages only are deleted from your side. - The link preview for YouTube doesn't work properly as of 02/2020, after months of users complaining about it. For me it worked only one time- When you have an open chat and you go to another app and then return to the app, it always comes back to the list of Signal contacts window, not to the active chat window",Screen refresh issues on conversation deletion,[0.5207727],0
"Just like Whatsapp but safer and with Dark Mode but without these features: - Deleted messages only are deleted from your side. - The link preview for YouTube doesn't work properly as of 02/2020, after months of users complaining about it. For me it worked only one time- When you have an open chat and you go to another app and then return to the app, it always comes back to the list of Signal contacts window, not to the active chat window","With disappearing message timer on, preview of last deleted message still displays in main app screen",[0.5393725],0,,"Everything all right but two small things - it is very uncomfortable for me that there is no delete option inside message, and I can't share multiple photos at once.",Message disappears on send when sharing photo,0,,,"Everything all right but two small things - it is very uncomfortable for me that there is no delete option inside message, and I can't share multiple photos at once.",Message disappears on send when sharing photo,[0.60508204],0
"Just like Whatsapp but safer and with Dark Mode but without these features: - Deleted messages only are deleted from your side. - The link preview for YouTube doesn't work properly as of 02/2020, after months of users complaining about it. For me it worked only one time- When you have an open chat and you go to another app and then return to the app, it always comes back to the list of Signal contacts window, not to the active chat window",Screen refresh issues on conversation deletion,[0.5207727],0,,"It never saves my groups or the group name, making it very irritating to text my family. You also can't send more than one photo. -Moto G7, Android 9.","MMS picture messages go to a ""group"" with just me and the sender",0,,,"Everything all right but two small things - it is very uncomfortable for me that there is no delete option inside message, and I can't share multiple photos at once.",[Suggestion]Allow multiple pictures to be attached in one message,[0.57958853],1
"Just like Whatsapp but safer and with Dark Mode but without these features: - Deleted messages only are deleted from your side. - The link preview for YouTube doesn't work properly as of 02/2020, after months of users complaining about it. For me it worked only one time- When you have an open chat and you go to another app and then return to the app, it always comes back to the list of Signal contacts window, not to the active chat window",hidden conversation when all messages deleted before writing new ones,[0.5144748],0,5,"good for privacy but a bunch of glitches. on rare occasion, it will suddenly send me a few hours' worth of texts - and not in chronological order either. i believe it's because Signal spontaneously relies on my phone's data being switched on to receive messages, despite that the senders are not fellow Signal users nor sending me encrypted messages. also it occasionally shuts down because of some error, making me lose whatever i was composing.",Signal forgets contact uses signal; sends insecure SMS without warning. ,1,,,"It never saves my groups or the group name, making it very irritating to text my family. You also can't send more than one photo. -Moto G7, Android 9.","MMS picture messages go to a ""group"" with just me and the sender",[0.6476445],0
"Everything all right but two small things - it is very uncomfortable for me that there is no delete option inside message, and I can't share multiple photos at once.",Message disappears on send when sharing photo,[0.60508204],0,,"General a good secure app, voice calls sometimes glitches.",Better support for Google voice / Multiple numbers,0,,,"It never saves my groups or the group name, making it very irritating to text my family. You also can't send more than one photo. -Moto G7, Android 9.",Group SMS image download failure,[0.6174686],0
"Everything all right but two small things - it is very uncomfortable for me that there is no delete option inside message, and I can't share multiple photos at once.",[Suggestion]Allow multiple pictures to be attached in one message,[0.57958853],1,,"it is a good app. i am mostly satisfied with it but sometimes, the notifications would not work; so, I would not know that someone messaged me until I open the app. it might have been fixed because it hasn't been happening in the last month or so. Would recommended.","received notification, message not visible in app",0,,,"good for privacy but a bunch of glitches. on rare occasion, it will suddenly send me a few hours' worth of texts - and not in chronological order either. i believe it's because Signal spontaneously relies on my phone's data being switched on to receive messages, despite that the senders are not fellow Signal users nor sending me encrypted messages. also it occasionally shuts down because of some error, making me lose whatever i was composing.",Signal forgets contact uses signal; sends insecure SMS without warning. ,[0.64494354],1
"Everything all right but two small things - it is very uncomfortable for me that there is no delete option inside message, and I can't share multiple photos at once.",Inconsistency | remove save button for disappearing picture messages,[0.5677082],0,6,Opened up my SMSes today and was locked out from them by Signal. It is insisting I create a pin so it can upload data to their cloud servers. I feel like they have violated my trust.,Unsecure SMS,1,,,"good for privacy but a bunch of glitches. on rare occasion, it will suddenly send me a few hours' worth of texts - and not in chronological order either. i believe it's because Signal spontaneously relies on my phone's data being switched on to receive messages, despite that the senders are not fellow Signal users nor sending me encrypted messages. also it occasionally shuts down because of some error, making me lose whatever i was composing.",Signal texts keep waiting until attachment gets uploaded and sent. ,[0.6089928],0
"It never saves my groups or the group name, making it very irritating to text my family. You also can't send more than one photo. -Moto G7, Android 9.","MMS picture messages go to a ""group"" with just me and the sender",[0.6476445],0,,Is the notification dot supposed to work? is annoying it doesnt show when there are unread messages. In general I feel Signal is worse at highlighting unread threads. I am also lacking a way to Mark as Unread for later.,Wrong notification when messages are unread,1,,,"General a good secure app, voice calls sometimes glitches.",Better support for Google voice / Multiple numbers,[0.57511365],0
"It never saves my groups or the group name, making it very irritating to text my family. You also can't send more than one photo. -Moto G7, Android 9.",Group SMS image download failure,[0.6174686],0,,"Don't use unless you want to lose your messages. Terrible backup restoration support. The backup file has to be in a particular directory on the first launch, or it doesn't even show the option for restoring a backup.",Backup messages ?,1,,,"General a good secure app, voice calls sometimes glitches.",Speaker and microphone dead in secure calls,[0.56207633],1
"It never saves my groups or the group name, making it very irritating to text my family. You also can't send more than one photo. -Moto G7, Android 9.",Handle group name and picture for multimedia messages,[0.61703044],0,7,"Keep seeing reviews that the update messed up the app. I didnt have the app before the update so cant comment on that. The app seems to be working fine for me. I like the interface and settings available. Calls routed through their servers arent super clear though, but you can choose to use your provider.","Updated, now can't send/receive texts",0,,,"it is a good app. i am mostly satisfied with it but sometimes, the notifications would not work; so, I would not know that someone messaged me until I open the app. it might have been fixed because it hasn't been happening in the last month or so. Would recommended.","received notification, message not visible in app",[0.57699233],0
"good for privacy but a bunch of glitches. on rare occasion, it will suddenly send me a few hours' worth of texts - and not in chronological order either. i believe it's because Signal spontaneously relies on my phone's data being switched on to receive messages, despite that the senders are not fellow Signal users nor sending me encrypted messages. also it occasionally shuts down because of some error, making me lose whatever i was composing.",Signal forgets contact uses signal; sends insecure SMS without warning. ,[0.64494354],1,,"My signal app keeps crashing when I try to open it. I contacted support twice over the past 2 weeks, but haven't received any response. I get the impression that signal deleted my data somehow. Nice that privacy is the highest priority, but it's also nice to still have your data.",Signal android app is getting crashed,1,,,"it is a good app. i am mostly satisfied with it but sometimes, the notifications would not work; so, I would not know that someone messaged me until I open the app. it might have been fixed because it hasn't been happening in the last month or so. Would recommended.",Not getting notification in real time unless I open the app,[0.56060326],1
"good for privacy but a bunch of glitches. on rare occasion, it will suddenly send me a few hours' worth of texts - and not in chronological order either. i believe it's because Signal spontaneously relies on my phone's data being switched on to receive messages, despite that the senders are not fellow Signal users nor sending me encrypted messages. also it occasionally shuts down because of some error, making me lose whatever i was composing.",Signal texts keep waiting until attachment gets uploaded and sent. ,[0.6089928],0,,"Excellent application that can bring encryption and privacy to the masses. I would love to see integrated: OTR (OFF THE RECORD) messaging capabilities to add the ultimate privacy experience. Small issue: messages sent using android API don't show up in history but work. Makes conversations had after sending a message using voice commands a bit confusing. But because they work i didn't penalize you, unless it's not fixed.. then i will adjust. ðŸ˜‰",Sharing from Android apps to running conversations,0,,,Opened up my SMSes today and was locked out from them by Signal. It is insisting I create a pin so it can upload data to their cloud servers. I feel like they have violated my trust.,Unsecure SMS,[0.6288413],1
"good for privacy but a bunch of glitches. on rare occasion, it will suddenly send me a few hours' worth of texts - and not in chronological order either. i believe it's because Signal spontaneously relies on my phone's data being switched on to receive messages, despite that the senders are not fellow Signal users nor sending me encrypted messages. also it occasionally shuts down because of some error, making me lose whatever i was composing.",Is setting Signal as default SMS app reliable?,[0.5897739],1,8,Messages tend to send out of order in group chats. The recovery key is hit or miss. I lost a lot of conversations after doing a restore. Definitely used to be better.,Group chats are lost(!) if disappearing messages are enabled and cannot be recovered,0,,,Opened up my SMSes today and was locked out from them by Signal. It is insisting I create a pin so it can upload data to their cloud servers. I feel like they have violated my trust.,Can only send unsecured SMS,[0.619303],1
"General a good secure app, voice calls sometimes glitches.",Better support for Google voice / Multiple numbers,[0.57511365],0,,i message my boyfriend with this exclusively instead of text. love it. calls are spotty but they sound terrific when it works. not a huge fan of the video chat since it doesn't rotate to landscape and you cant move your selfie-cam window,Improve voice messaging,0,,,Is the notification dot supposed to work? is annoying it doesnt show when there are unread messages. In general I feel Signal is worse at highlighting unread threads. I am also lacking a way to Mark as Unread for later.,Wrong notification when messages are unread,[0.749763],1
"General a good secure app, voice calls sometimes glitches.",Speaker and microphone dead in secure calls,[0.56207633],1,,Connection issues. Keep getting kicked off on call. Callers soind robotic most of the time. Not very reliable. Text messaging works well though.,Can't receive calls,0,,,Is the notification dot supposed to work? is annoying it doesnt show when there are unread messages. In general I feel Signal is worse at highlighting unread threads. I am also lacking a way to Mark as Unread for later.,Add ability to mark messages as unread,[0.7207072],0
"General a good secure app, voice calls sometimes glitches.",Place an unencrypted voice call with long press on phone icon (just like signal message/mms toggle),[0.5548235],0,9,"So here's a really basic issue: playback pauses as soon as the screen is turned off, regardless of whether this is due to locking the screen. My phone turns off the screen if I hold it next to my cheek. This makes listening to audio-messages in private without headphones nigh-impossible.",Muted Conversations showing on lock screen when phone is off,0,,,"Don't use unless you want to lose your messages. Terrible backup restoration support. The backup file has to be in a particular directory on the first launch, or it doesn't even show the option for restoring a backup.",Backup messages ?,[0.6870425],1
"it is a good app. i am mostly satisfied with it but sometimes, the notifications would not work; so, I would not know that someone messaged me until I open the app. it might have been fixed because it hasn't been happening in the last month or so. Would recommended.","received notification, message not visible in app",[0.57699233],0,,"Photos don't come out right, even when sent/recieved from non-signal users. Will bump this back up to 5 stars when fixed :)",Recent update to Signal makes it unclear who you're sending images to,1,,,"Don't use unless you want to lose your messages. Terrible backup restoration support. The backup file has to be in a particular directory on the first launch, or it doesn't even show the option for restoring a backup.",Push Messages don't work after restoring from Backup,[0.56666464],1
"it is a good app. i am mostly satisfied with it but sometimes, the notifications would not work; so, I would not know that someone messaged me until I open the app. it might have been fixed because it hasn't been happening in the last month or so. Would recommended.",Not getting notification in real time unless I open the app,[0.56060326],1,,what is going on with group chats... I don't seem to be getting them consistently. some I get some I don't. I can't get group chats if I don't start them.... what's up?,Problemes with group chats,1,,,"Keep seeing reviews that the update messed up the app. I didnt have the app before the update so cant comment on that. The app seems to be working fine for me. I like the interface and settings available. Calls routed through their servers arent super clear though, but you can choose to use your provider.","Updated, now can't send/receive texts",[0.5271095],0
"it is a good app. i am mostly satisfied with it but sometimes, the notifications would not work; so, I would not know that someone messaged me until I open the app. it might have been fixed because it hasn't been happening in the last month or so. Would recommended.",Notification reappears every time I open the app,[0.54480296],0,10,Was fine for plain text messages but when I received a vCard for a contact it froze my Samsung Note 8. Had to switch to a different app that could handle MMS.,"SMS never delivers to some contacts, only MMS does",0,,,"Keep seeing reviews that the update messed up the app. I didnt have the app before the update so cant comment on that. The app seems to be working fine for me. I like the interface and settings available. Calls routed through their servers arent super clear though, but you can choose to use your provider.","Can't receive delivery receipts, messages or calls while in app",[0.5142145],0
Opened up my SMSes today and was locked out from them by Signal. It is insisting I create a pin so it can upload data to their cloud servers. I feel like they have violated my trust.,Unsecure SMS,[0.6288413],1,,Call gets dropped frequently. Most of the time if someone calls me I am only notified after they hang up as a missed call. Same happens if I call them too. They don't get the call and just get a missed call notification.,Call drops after no more than 3 minutes of conversation,0,,,"My signal app keeps crashing when I try to open it. I contacted support twice over the past 2 weeks, but haven't received any response. I get the impression that signal deleted my data somehow. Nice that privacy is the highest priority, but it's also nice to still have your data.",Signal android app is getting crashed,[0.7531426],1
Opened up my SMSes today and was locked out from them by Signal. It is insisting I create a pin so it can upload data to their cloud servers. I feel like they have violated my trust.,Can only send unsecured SMS,[0.619303],1,,"I received odd texts after installing this app. Will not use as a default, too scary.",Text messages going to default messaging app,0,,,"My signal app keeps crashing when I try to open it. I contacted support twice over the past 2 weeks, but haven't received any response. I get the impression that signal deleted my data somehow. Nice that privacy is the highest priority, but it's also nice to still have your data.",App crashed when I attempted to share a link to Signal,[0.7323604],1
Opened up my SMSes today and was locked out from them by Signal. It is insisting I create a pin so it can upload data to their cloud servers. I feel like they have violated my trust.,TextSecure nuking encrypted SMS? WTF?!,[0.60523176],0,11,"Really like the app and have managed to get friends and family to move over to get away from the large FB owned message app BUT what's the problem with calls? My phone doesn't ring, it only shows missed calls. I've done everything to try and rectify this but nothing works. Do I really need to go back to the data thieves?",Calls always income as missed ones without ringing and Signal doesn't report the call failed,1,,,"Excellent application that can bring encryption and privacy to the masses. I would love to see integrated: OTR (OFF THE RECORD) messaging capabilities to add the ultimate privacy experience. Small issue: messages sent using android API don't show up in history but work. Makes conversations had after sending a message using voice commands a bit confusing. But because they work i didn't penalize you, unless it's not fixed.. then i will adjust. ðŸ˜‰",Sharing from Android apps to running conversations,[0.6167159],0
Is the notification dot supposed to work? is annoying it doesnt show when there are unread messages. In general I feel Signal is worse at highlighting unread threads. I am also lacking a way to Mark as Unread for later.,Wrong notification when messages are unread,[0.749763],1,,Messages sent from none signal subscribers (like my bank) seem to take 10 to 15 minutes to arrive. Sometimes even longer.,Reception of message often takes a very long time,1,,,"Excellent application that can bring encryption and privacy to the masses. I would love to see integrated: OTR (OFF THE RECORD) messaging capabilities to add the ultimate privacy experience. Small issue: messages sent using android API don't show up in history but work. Makes conversations had after sending a message using voice commands a bit confusing. But because they work i didn't penalize you, unless it's not fixed.. then i will adjust. ðŸ˜‰",Android 11 conversation features,[0.5923958],0
Is the notification dot supposed to work? is annoying it doesnt show when there are unread messages. In general I feel Signal is worse at highlighting unread threads. I am also lacking a way to Mark as Unread for later.,Add ability to mark messages as unread,[0.7207072],0,,"I enjoy the app but I never get a notification when I receive a message, even though I adjusted my settings.","received notification, message not visible in app",1,,,Messages tend to send out of order in group chats. The recovery key is hit or miss. I lost a lot of conversations after doing a restore. Definitely used to be better.,Group chats are lost(!) if disappearing messages are enabled and cannot be recovered,[0.6995821],0
Is the notification dot supposed to work? is annoying it doesnt show when there are unread messages. In general I feel Signal is worse at highlighting unread threads. I am also lacking a way to Mark as Unread for later.,Missing option to notify of unread status of thread not on each incoming message,[0.71519995],0,12,"Notifications often do not clear after reading messages. Chat itself works well but this bug is quite annoying. Update: months later this bug is actually worse, notifications still often remain after hours.",Wrong notification when messages are unread,0,,,Messages tend to send out of order in group chats. The recovery key is hit or miss. I lost a lot of conversations after doing a restore. Definitely used to be better., Group chat are lost(!) if disappearing messages are enabled and cannot be recovered,[0.6967908],0
"Don't use unless you want to lose your messages. Terrible backup restoration support. The backup file has to be in a particular directory on the first launch, or it doesn't even show the option for restoring a backup.",Backup messages ?,[0.6870425],1,,Forced to use a PIN number. Which I don't want to use. Deleted the app because it froze and when I reinstalled it all my messages were gone. Lost a ton of information. Garbage.,Messages lost after App got killed,1,,,i message my boyfriend with this exclusively instead of text. love it. calls are spotty but they sound terrific when it works. not a huge fan of the video chat since it doesn't rotate to landscape and you cant move your selfie-cam window,Improve voice messaging,[0.6147732],0
"Don't use unless you want to lose your messages. Terrible backup restoration support. The backup file has to be in a particular directory on the first launch, or it doesn't even show the option for restoring a backup.",Push Messages don't work after restoring from Backup,[0.56666464],1,,Earlier this app used to run very smoothly but from past few days as soon as I'm opening this app it immediately colses by itself. What is wrong has happened. Just fix it,Opening anything other than settings crashes the app.,1,,,i message my boyfriend with this exclusively instead of text. love it. calls are spotty but they sound terrific when it works. not a huge fan of the video chat since it doesn't rotate to landscape and you cant move your selfie-cam window,[CAMERA] Ability to take pictures from within TextSecure itself ,[0.5648308],0
"Don't use unless you want to lose your messages. Terrible backup restoration support. The backup file has to be in a particular directory on the first launch, or it doesn't even show the option for restoring a backup.",exporting messages back to standard ,[0.53442955],0,13,So confusing! Most messages are significantly delayed and it's hard to tell who they're from and how to respond to the right person.,messages seem to take too long.,1,,,Connection issues. Keep getting kicked off on call. Callers soind robotic most of the time. Not very reliable. Text messaging works well though.,Can't receive calls,[0.68229806],0
"Keep seeing reviews that the update messed up the app. I didnt have the app before the update so cant comment on that. The app seems to be working fine for me. I like the interface and settings available. Calls routed through their servers arent super clear though, but you can choose to use your provider.","Updated, now can't send/receive texts",[0.5271095],0,,"App closes every time I try to read a message or send one. Have cleared cache, all data and restarted it. Can't add numbers or send messages. Very strange.",App crashes when I try to send a message,1,,,Connection issues. Keep getting kicked off on call. Callers soind robotic most of the time. Not very reliable. Text messaging works well though.,Unable to receive or make calls,[0.6816764],0
"Keep seeing reviews that the update messed up the app. I didnt have the app before the update so cant comment on that. The app seems to be working fine for me. I like the interface and settings available. Calls routed through their servers arent super clear though, but you can choose to use your provider.","Can't receive delivery receipts, messages or calls while in app",[0.5142145],0,,Never fails even when no regular phone signal. Update to my opinion of this app. Has become very user unfriendly. Won't let you use the app unless you meet their demands every 2 seconds while you are trying to use it. I am uninstalling it.,Feature Request: Signal as standard phone app,0,,,"So here's a really basic issue: playback pauses as soon as the screen is turned off, regardless of whether this is due to locking the screen. My phone turns off the screen if I hold it next to my cheek. This makes listening to audio-messages in private without headphones nigh-impossible.",Muted Conversations showing on lock screen when phone is off,[0.661142],0
"Keep seeing reviews that the update messed up the app. I didnt have the app before the update so cant comment on that. The app seems to be working fine for me. I like the interface and settings available. Calls routed through their servers arent super clear though, but you can choose to use your provider.",Calls not working after moving Signal from iOS to Android,[0.510349],0,14,"Update, after one year use. No favorite or star tool for needed messages.Forward them to the notes to self. I had issues with uploading media, documents, photos or videos. It doesn't allow uploading multiple ones, and sometimes the app freezes on uploading and holds on all following messages. For unknowns reasons, the calling service does not connect. I have these issues in multiple countries, including the US, and multiple devices, Android or iOS.",App crashes when I try to send a message,0,,,"So here's a really basic issue: playback pauses as soon as the screen is turned off, regardless of whether this is due to locking the screen. My phone turns off the screen if I hold it next to my cheek. This makes listening to audio-messages in private without headphones nigh-impossible.","Screen turns on, despite still being next to the ear (voice and audio messages)",[0.64479536],0
"My signal app keeps crashing when I try to open it. I contacted support twice over the past 2 weeks, but haven't received any response. I get the impression that signal deleted my data somehow. Nice that privacy is the highest priority, but it's also nice to still have your data.",Signal android app is getting crashed,[0.7531426],1,,"Overall, a fantastic app that I think maaaany more people should use. I have some issues though. Contacts only sync with your phone when you have a cellular signal. There isn't a good way to see all of the people in group chats. I get they are shooting for minimalism but it looks a little plain. I can't put my finger on it, but it is just missing something. Once again, other than that: I have only had good experiences with this app.",Group chat overhead,0,,,"Photos don't come out right, even when sent/recieved from non-signal users. Will bump this back up to 5 stars when fixed :)",Recent update to Signal makes it unclear who you're sending images to,[0.6626898],1
"My signal app keeps crashing when I try to open it. I contacted support twice over the past 2 weeks, but haven't received any response. I get the impression that signal deleted my data somehow. Nice that privacy is the highest priority, but it's also nice to still have your data.",App crashed when I attempted to share a link to Signal,[0.7323604],1,,"Great app overall! I would have given 5 stars, however, there can be issues with texting and calling. Sometimes it doesnt get a signal or something happens to where i get like 5 text msgs all at once, that were suppose to be sent periodically witnin the last 30min. When I make a phone call, most of the time evertrhing is fine but sometimes ""Signal"" doesn't connect properly, or at all and i have to give up trying to use it.Not sure exactly what happens there but it does not connect sometimes.",Issues with Signal calls btw android,0,,,"Photos don't come out right, even when sent/recieved from non-signal users. Will bump this back up to 5 stars when fixed :)",Pictures taken by Camera not always displayed for sending,[0.6427682],1
"My signal app keeps crashing when I try to open it. I contacted support twice over the past 2 weeks, but haven't received any response. I get the impression that signal deleted my data somehow. Nice that privacy is the highest priority, but it's also nice to still have your data.",Signal crashes when opening app,[0.7065798],1,15,It is very worst application.it is frequently hanged. Messages are Updating very delayed.. sometimes messages are not Updating.We can't delete message.also we cant delete Messages from group.also no any group admin..any one can add any one to group.and also no any admin and ee cant remove any one from group.disabling feature is alos very bad.we cant forword ine message in different groups or person.overall its very bad application.please improve features as said above immediately.,when 2.04 came out it took the ability away to send messages to groups setup in phone book.,0,,,what is going on with group chats... I don't seem to be getting them consistently. some I get some I don't. I can't get group chats if I don't start them.... what's up?,Problemes with group chats,[0.7939632],1
"Excellent application that can bring encryption and privacy to the masses. I would love to see integrated: OTR (OFF THE RECORD) messaging capabilities to add the ultimate privacy experience. Small issue: messages sent using android API don't show up in history but work. Makes conversations had after sending a message using voice commands a bit confusing. But because they work i didn't penalize you, unless it's not fixed.. then i will adjust. ðŸ˜‰",Sharing from Android apps to running conversations,[0.6167159],0,,Messages aren't received in background anymore. Something broke in recent updates. Have to open app to get messages to come through. UPDATE: Seems the issue is resolved.,App in background not polling new messages,1,,,what is going on with group chats... I don't seem to be getting them consistently. some I get some I don't. I can't get group chats if I don't start them.... what's up?,group chats don't work after reinstalling ,[0.7355634],0
"Excellent application that can bring encryption and privacy to the masses. I would love to see integrated: OTR (OFF THE RECORD) messaging capabilities to add the ultimate privacy experience. Small issue: messages sent using android API don't show up in history but work. Makes conversations had after sending a message using voice commands a bit confusing. But because they work i didn't penalize you, unless it's not fixed.. then i will adjust. ðŸ˜‰",Android 11 conversation features,[0.5923958],0,,Works well but gives me 2 check marks immediately after sending my text. I know the receivers are not reading the texts so fast. Why 2 check marks?,Signal texts keep waiting until attachment gets uploaded and sent. ,0,,,Was fine for plain text messages but when I received a vCard for a contact it froze my Samsung Note 8. Had to switch to a different app that could handle MMS.,"SMS never delivers to some contacts, only MMS does",[0.65134174],0
"Excellent application that can bring encryption and privacy to the masses. I would love to see integrated: OTR (OFF THE RECORD) messaging capabilities to add the ultimate privacy experience. Small issue: messages sent using android API don't show up in history but work. Makes conversations had after sending a message using voice commands a bit confusing. But because they work i didn't penalize you, unless it's not fixed.. then i will adjust. ðŸ˜‰",Allow other apps to have access to unencrypted SMS messages,[0.57675374],0,16,"I used signal for my SMS messages, and now it crashes and I can't access my messages. Too bad if I had anything important I wanted to read! Removing this app from the store would improve the world more than its existence ever could.",Signal 4.10.2 crashes when opening SMS on Android Oreo,1,,,Was fine for plain text messages but when I received a vCard for a contact it froze my Samsung Note 8. Had to switch to a different app that could handle MMS.,Can't send MMS from system messaging app with TextSecure installed.,[0.6390418],0
Messages tend to send out of order in group chats. The recovery key is hit or miss. I lost a lot of conversations after doing a restore. Definitely used to be better.,Group chats are lost(!) if disappearing messages are enabled and cannot be recovered,[0.6995821],0,,2 stars now since nothing is getting fixed. Occasionally I'm getting playback errors on voicenotes and videos. When I reset my phone the same clip or video starts to play. VERY INCONVENIENT. Also I'm missing calls and not getting notified unless I open the app. Then it'll show the messages and that I missed a call. So if i don't open my app I won't receive anything? THAT'S ridiculous.,Audio recorded in app fails to play,0,,,Call gets dropped frequently. Most of the time if someone calls me I am only notified after they hang up as a missed call. Same happens if I call them too. They don't get the call and just get a missed call notification.,Call drops after no more than 3 minutes of conversation,[0.7394278],0
Messages tend to send out of order in group chats. The recovery key is hit or miss. I lost a lot of conversations after doing a restore. Definitely used to be better., Group chat are lost(!) if disappearing messages are enabled and cannot be recovered,[0.6967908],0,,"Not very secure. After hanging up on a video call with my wife, we were still able to hear each other. We both could not find a way to hang up. Killing the app didn't work. I had to go to settings and force quit the Signal application.",Signal has been subverted! WARNING do not use it anymore! It is not secure ,1,,,Call gets dropped frequently. Most of the time if someone calls me I am only notified after they hang up as a missed call. Same happens if I call them too. They don't get the call and just get a missed call notification.,Caller  stuck on dialing while the called person gets a missed call.,[0.68005204],0
Messages tend to send out of order in group chats. The recovery key is hit or miss. I lost a lot of conversations after doing a restore. Definitely used to be better.,Missed group conversation messages,[0.6940416],0,17,"I set Signal as my default app when my factory default Samsung text messaging app began delaying incoming messages by hours or days, or not delivering them at all. Signal does everything Samsung did, exept for scheduling later delivery. Signal adds more privacy and ability to make free international calls and video. I would often schedule Samsung SMS messages for next morning or Monday delivery. If Signal implements Scheduled Messages, I can think of no disadvantage to using it by default.",Is setting Signal as default SMS app reliable?,0,,,"I received odd texts after installing this app. Will not use as a default, too scary.",Text messages going to default messaging app,[0.7290103],0
i message my boyfriend with this exclusively instead of text. love it. calls are spotty but they sound terrific when it works. not a huge fan of the video chat since it doesn't rotate to landscape and you cant move your selfie-cam window,Improve voice messaging,[0.6147732],0,,"I cant use this app because when I enter my phone number, it will send mme a coad but I can't find the edit box for the coad, beasically it is not accessible with talkback, plz fix this",android N - Signal is not a dialer app,0,,,"I received odd texts after installing this app. Will not use as a default, too scary.",Texting takes over as only texting app u can use,[0.64882916],0
i message my boyfriend with this exclusively instead of text. love it. calls are spotty but they sound terrific when it works. not a huge fan of the video chat since it doesn't rotate to landscape and you cant move your selfie-cam window,[CAMERA] Ability to take pictures from within TextSecure itself ,[0.5648308],0,,"I am not getting notifications. I have granted all the necessary permissions, and turned on all notifications. However, at one place the only options are either to allow '3 notifications a day' or none at all.",Notifications don't work,1,,,"Really like the app and have managed to get friends and family to move over to get away from the large FB owned message app BUT what's the problem with calls? My phone doesn't ring, it only shows missed calls. I've done everything to try and rectify this but nothing works. Do I really need to go back to the data thieves?",Calls always income as missed ones without ringing and Signal doesn't report the call failed,[0.5304827],1
i message my boyfriend with this exclusively instead of text. love it. calls are spotty but they sound terrific when it works. not a huge fan of the video chat since it doesn't rotate to landscape and you cant move your selfie-cam window,Android 11 conversation features,[0.5633975],0,18,The new update doesnt alert on sms messages from other signal users in my contact list. I get no notifications on messages. Neither does my wife and she has an iphone. Fix this!! Gonna have to go back to standard messaging till you fix.,"""Enable Signal for SMS"" screen does not update after Signal becomes default SMS app",0,,,"Really like the app and have managed to get friends and family to move over to get away from the large FB owned message app BUT what's the problem with calls? My phone doesn't ring, it only shows missed calls. I've done everything to try and rectify this but nothing works. Do I really need to go back to the data thieves?",Messages not received between phone on data and phone without data,[0.52640724],0
Connection issues. Keep getting kicked off on call. Callers soind robotic most of the time. Not very reliable. Text messaging works well though.,Can't receive calls,[0.68229806],0,,Signal does everything I ask it to do except post videos longer than a few seconds. Fix that and you'll get another star.,Signal Not At All Working Since 2-3 days !!,0,,,Messages sent from none signal subscribers (like my bank) seem to take 10 to 15 minutes to arrive. Sometimes even longer.,Reception of message often takes a very long time,[0.7661052],1
Connection issues. Keep getting kicked off on call. Callers soind robotic most of the time. Not very reliable. Text messaging works well though.,Unable to receive or make calls,[0.6816764],0,,"For a messaging app that is suppose to feature privacy as the main attraction, when you join it tells Everyone that you're there. The purpose of the app should be to allow you to choose who to share things with, and when. The calling system is also flawed as you don't receive a call, only a missed call notification. This hasn't been solved with updates.",Notifications during calls,0,,,Messages sent from none signal subscribers (like my bank) seem to take 10 to 15 minutes to arrive. Sometimes even longer.,Messages can take hours to be received,[0.76345825],1
Connection issues. Keep getting kicked off on call. Callers soind robotic most of the time. Not very reliable. Text messaging works well though.,Sends/Receives messages but calls not going through?,[0.6696521],0,19,"my main gripe with this is when i try to copy message text, the whole block is selected, and I can't just grab a number or address to paste somewhere. i like the app but i need that functionality for my job. would change rating if this is fixed",Copy text copies incorrect message.,1,,,"I enjoy the app but I never get a notification when I receive a message, even though I adjusted my settings.","received notification, message not visible in app",[0.770182],1
"So here's a really basic issue: playback pauses as soon as the screen is turned off, regardless of whether this is due to locking the screen. My phone turns off the screen if I hold it next to my cheek. This makes listening to audio-messages in private without headphones nigh-impossible.",Muted Conversations showing on lock screen when phone is off,[0.661142],0,,App keeps crashing during the initial setup. Cant get past it! If the app stops working the second you open it then the app must be absolute garbage.,App crashing,1,,,"I enjoy the app but I never get a notification when I receive a message, even though I adjusted my settings.","Notification ""Retrieving a message"" is shown. No message received.",[0.7150167],1
"So here's a really basic issue: playback pauses as soon as the screen is turned off, regardless of whether this is due to locking the screen. My phone turns off the screen if I hold it next to my cheek. This makes listening to audio-messages in private without headphones nigh-impossible.","Screen turns on, despite still being next to the ear (voice and audio messages)",[0.64479536],0,,"I love this app, however I no longer receive notifications until I open the app. I was previously enrolled in beta and thought that was the reason for the lack of notifications. Please fix this.",No more notifications,1,,,"Notifications often do not clear after reading messages. Chat itself works well but this bug is quite annoying. Update: months later this bug is actually worse, notifications still often remain after hours.",Wrong notification when messages are unread,[0.6935816],0
"So here's a really basic issue: playback pauses as soon as the screen is turned off, regardless of whether this is due to locking the screen. My phone turns off the screen if I hold it next to my cheek. This makes listening to audio-messages in private without headphones nigh-impossible.",Voice messages stop playing when the screen goes off,[0.64236605],1,20,,,,,,"Notifications often do not clear after reading messages. Chat itself works well but this bug is quite annoying. Update: months later this bug is actually worse, notifications still often remain after hours.",Every message sent from desktop triggers phone notification about unread chats,[0.67676973],0
"Photos don't come out right, even when sent/recieved from non-signal users. Will bump this back up to 5 stars when fixed :)",Recent update to Signal makes it unclear who you're sending images to,[0.6626898],1,,,,,,,Forced to use a PIN number. Which I don't want to use. Deleted the app because it froze and when I reinstalled it all my messages were gone. Lost a ton of information. Garbage.,Messages lost after App got killed,[0.61811185],1
"Photos don't come out right, even when sent/recieved from non-signal users. Will bump this back up to 5 stars when fixed :)",Pictures taken by Camera not always displayed for sending,[0.6427682],1,,,,,,,Forced to use a PIN number. Which I don't want to use. Deleted the app because it froze and when I reinstalled it all my messages were gone. Lost a ton of information. Garbage.,Lost four messages ,[0.5937046],1
"Photos don't come out right, even when sent/recieved from non-signal users. Will bump this back up to 5 stars when fixed :)",picture/MMS sending problem to other users?  bug?,[0.6223627],0,21,,,,,,Earlier this app used to run very smoothly but from past few days as soon as I'm opening this app it immediately colses by itself. What is wrong has happened. Just fix it,Opening anything other than settings crashes the app.,[0.5805304],1
what is going on with group chats... I don't seem to be getting them consistently. some I get some I don't. I can't get group chats if I don't start them.... what's up?,Problemes with group chats,[0.7939632],1,,,,,,,Earlier this app used to run very smoothly but from past few days as soon as I'm opening this app it immediately colses by itself. What is wrong has happened. Just fix it,Notification reappears every time I open the app,[0.5733971],0
what is going on with group chats... I don't seem to be getting them consistently. some I get some I don't. I can't get group chats if I don't start them.... what's up?,group chats don't work after reinstalling ,[0.7355634],0,,,,,,,So confusing! Most messages are significantly delayed and it's hard to tell who they're from and how to respond to the right person.,messages seem to take too long.,[0.67723966],1
what is going on with group chats... I don't seem to be getting them consistently. some I get some I don't. I can't get group chats if I don't start them.... what's up?,Yet another group chat problem,[0.7321392],1,22,,,,,,So confusing! Most messages are significantly delayed and it's hard to tell who they're from and how to respond to the right person.,Messages in a particular groups is getting delayed in delivery,[0.6457932],1
Was fine for plain text messages but when I received a vCard for a contact it froze my Samsung Note 8. Had to switch to a different app that could handle MMS.,"SMS never delivers to some contacts, only MMS does",[0.65134174],0,,,,,,,"App closes every time I try to read a message or send one. Have cleared cache, all data and restarted it. Can't add numbers or send messages. Very strange.",App crashes when I try to send a message,[0.78917897],1
Was fine for plain text messages but when I received a vCard for a contact it froze my Samsung Note 8. Had to switch to a different app that could handle MMS.,Can't send MMS from system messaging app with TextSecure installed.,[0.6390418],0,,,,,,,"App closes every time I try to read a message or send one. Have cleared cache, all data and restarted it. Can't add numbers or send messages. Very strange.",not receiving message while app is closed,[0.76152086],1
Was fine for plain text messages but when I received a vCard for a contact it froze my Samsung Note 8. Had to switch to a different app that could handle MMS.,"Sending all SMS generates ""!  Error sending message""  MMS works",[0.6312006],0,23,,,,,,Never fails even when no regular phone signal. Update to my opinion of this app. Has become very user unfriendly. Won't let you use the app unless you meet their demands every 2 seconds while you are trying to use it. I am uninstalling it.,Feature Request: Signal as standard phone app,[0.64003414],0
Call gets dropped frequently. Most of the time if someone calls me I am only notified after they hang up as a missed call. Same happens if I call them too. They don't get the call and just get a missed call notification.,Call drops after no more than 3 minutes of conversation,[0.7394278],0,,,,,,,Never fails even when no regular phone signal. Update to my opinion of this app. Has become very user unfriendly. Won't let you use the app unless you meet their demands every 2 seconds while you are trying to use it. I am uninstalling it.,Issues with Signal calls btw android,[0.61060345],0
Call gets dropped frequently. Most of the time if someone calls me I am only notified after they hang up as a missed call. Same happens if I call them too. They don't get the call and just get a missed call notification.,Caller  stuck on dialing while the called person gets a missed call.,[0.68005204],0,,,,,,,"Update, after one year use. No favorite or star tool for needed messages.Forward them to the notes to self. I had issues with uploading media, documents, photos or videos. It doesn't allow uploading multiple ones, and sometimes the app freezes on uploading and holds on all following messages. For unknowns reasons, the calling service does not connect. I have these issues in multiple countries, including the US, and multiple devices, Android or iOS.",App crashes when I try to send a message,[0.5744044],0
Call gets dropped frequently. Most of the time if someone calls me I am only notified after they hang up as a missed call. Same happens if I call them too. They don't get the call and just get a missed call notification.,"Sometimes receiving ""missed call"" alerts even when Android phone was available",[0.67312515],0,24,,,,,,"Update, after one year use. No favorite or star tool for needed messages.Forward them to the notes to self. I had issues with uploading media, documents, photos or videos. It doesn't allow uploading multiple ones, and sometimes the app freezes on uploading and holds on all following messages. For unknowns reasons, the calling service does not connect. I have these issues in multiple countries, including the US, and multiple devices, Android or iOS.","Can't receive delivery receipts, messages or calls while in app",[0.551119],0
"I received odd texts after installing this app. Will not use as a default, too scary.",Text messages going to default messaging app,[0.7290103],0,,,,,,,"Overall, a fantastic app that I think maaaany more people should use. I have some issues though. Contacts only sync with your phone when you have a cellular signal. There isn't a good way to see all of the people in group chats. I get they are shooting for minimalism but it looks a little plain. I can't put my finger on it, but it is just missing something. Once again, other than that: I have only had good experiences with this app.",Group chat overhead,[0.58105165],0
"I received odd texts after installing this app. Will not use as a default, too scary.",Texting takes over as only texting app u can use,[0.64882916],0,,,,,,,"Overall, a fantastic app that I think maaaany more people should use. I have some issues though. Contacts only sync with your phone when you have a cellular signal. There isn't a good way to see all of the people in group chats. I get they are shooting for minimalism but it looks a little plain. I can't put my finger on it, but it is just missing something. Once again, other than that: I have only had good experiences with this app.",when 2.04 came out it took the ability away to send messages to groups setup in phone book.,[0.560397],0
"I received odd texts after installing this app. Will not use as a default, too scary.",Text Messages going to default text messaging app S7 Edge,[0.61430967],0,25,,,,,,"Great app overall! I would have given 5 stars, however, there can be issues with texting and calling. Sometimes it doesnt get a signal or something happens to where i get like 5 text msgs all at once, that were suppose to be sent periodically witnin the last 30min. When I make a phone call, most of the time evertrhing is fine but sometimes ""Signal"" doesn't connect properly, or at all and i have to give up trying to use it.Not sure exactly what happens there but it does not connect sometimes.",Issues with Signal calls btw android,[0.64123905],0
"Really like the app and have managed to get friends and family to move over to get away from the large FB owned message app BUT what's the problem with calls? My phone doesn't ring, it only shows missed calls. I've done everything to try and rectify this but nothing works. Do I really need to go back to the data thieves?",Calls always income as missed ones without ringing and Signal doesn't report the call failed,[0.5304827],1,,,,,,,"Great app overall! I would have given 5 stars, however, there can be issues with texting and calling. Sometimes it doesnt get a signal or something happens to where i get like 5 text msgs all at once, that were suppose to be sent periodically witnin the last 30min. When I make a phone call, most of the time evertrhing is fine but sometimes ""Signal"" doesn't connect properly, or at all and i have to give up trying to use it.Not sure exactly what happens there but it does not connect sometimes.",Sometimes I don't receive Signal Messages until I open the app,[0.6172237],0
"Really like the app and have managed to get friends and family to move over to get away from the large FB owned message app BUT what's the problem with calls? My phone doesn't ring, it only shows missed calls. I've done everything to try and rectify this but nothing works. Do I really need to go back to the data thieves?",Messages not received between phone on data and phone without data,[0.52640724],0,,,,,,,It is very worst application.it is frequently hanged. Messages are Updating very delayed.. sometimes messages are not Updating.We can't delete message.also we cant delete Messages from group.also no any group admin..any one can add any one to group.and also no any admin and ee cant remove any one from group.disabling feature is alos very bad.we cant forword ine message in different groups or person.overall its very bad application.please improve features as said above immediately.,when 2.04 came out it took the ability away to send messages to groups setup in phone book.,[0.49650362],0
"Really like the app and have managed to get friends and family to move over to get away from the large FB owned message app BUT what's the problem with calls? My phone doesn't ring, it only shows missed calls. I've done everything to try and rectify this but nothing works. Do I really need to go back to the data thieves?","Can't receive delivery receipts, messages or calls while in app",[0.51524484],1,26,,,,,,It is very worst application.it is frequently hanged. Messages are Updating very delayed.. sometimes messages are not Updating.We can't delete message.also we cant delete Messages from group.also no any group admin..any one can add any one to group.and also no any admin and ee cant remove any one from group.disabling feature is alos very bad.we cant forword ine message in different groups or person.overall its very bad application.please improve features as said above immediately.,Can we remove the SMS feature completely?,[0.4931364],0
Messages sent from none signal subscribers (like my bank) seem to take 10 to 15 minutes to arrive. Sometimes even longer.,Reception of message often takes a very long time,[0.7661052],1,,,,,,,Messages aren't received in background anymore. Something broke in recent updates. Have to open app to get messages to come through. UPDATE: Seems the issue is resolved.,App in background not polling new messages,[0.7547737],1
Messages sent from none signal subscribers (like my bank) seem to take 10 to 15 minutes to arrive. Sometimes even longer.,Messages can take hours to be received,[0.76345825],1,,,,,,,Messages aren't received in background anymore. Something broke in recent updates. Have to open app to get messages to come through. UPDATE: Seems the issue is resolved.,Messages sent while desktop app is opening are not received,[0.6813631],1
Messages sent from none signal subscribers (like my bank) seem to take 10 to 15 minutes to arrive. Sometimes even longer.,Message takes hours to be received,[0.72343063],1,27,,,,,,Works well but gives me 2 check marks immediately after sending my text. I know the receivers are not reading the texts so fast. Why 2 check marks?,Signal texts keep waiting until attachment gets uploaded and sent. ,[0.6487302],0
"I enjoy the app but I never get a notification when I receive a message, even though I adjusted my settings.","received notification, message not visible in app",[0.770182],1,,,,,,,Works well but gives me 2 check marks immediately after sending my text. I know the receivers are not reading the texts so fast. Why 2 check marks?,"Signal marks entire conversation as read, even if only the first message gets displayed",[0.61628497],0
"I enjoy the app but I never get a notification when I receive a message, even though I adjusted my settings.","Notification ""Retrieving a message"" is shown. No message received.",[0.7150167],1,,,,,,,"I used signal for my SMS messages, and now it crashes and I can't access my messages. Too bad if I had anything important I wanted to read! Removing this app from the store would improve the world more than its existence ever could.",Signal 4.10.2 crashes when opening SMS on Android Oreo,[0.74821174],1
"I enjoy the app but I never get a notification when I receive a message, even though I adjusted my settings.",don't receive notification,[0.70393586],1,28,,,,,,"I used signal for my SMS messages, and now it crashes and I can't access my messages. Too bad if I had anything important I wanted to read! Removing this app from the store would improve the world more than its existence ever could.",Signal crashes as soon as it's been started after being selected as default SMS app,[0.74565136],1
"Notifications often do not clear after reading messages. Chat itself works well but this bug is quite annoying. Update: months later this bug is actually worse, notifications still often remain after hours.",Wrong notification when messages are unread,[0.6935816],0,,,,,,,2 stars now since nothing is getting fixed. Occasionally I'm getting playback errors on voicenotes and videos. When I reset my phone the same clip or video starts to play. VERY INCONVENIENT. Also I'm missing calls and not getting notified unless I open the app. Then it'll show the messages and that I missed a call. So if i don't open my app I won't receive anything? THAT'S ridiculous.,Audio recorded in app fails to play,[0.56451124],0
"Notifications often do not clear after reading messages. Chat itself works well but this bug is quite annoying. Update: months later this bug is actually worse, notifications still often remain after hours.",Every message sent from desktop triggers phone notification about unread chats,[0.67676973],0,,,,,,,2 stars now since nothing is getting fixed. Occasionally I'm getting playback errors on voicenotes and videos. When I reset my phone the same clip or video starts to play. VERY INCONVENIENT. Also I'm missing calls and not getting notified unless I open the app. Then it'll show the messages and that I missed a call. So if i don't open my app I won't receive anything? THAT'S ridiculous.,Opening anything other than settings crashes the app.,[0.56237024],0
"Notifications often do not clear after reading messages. Chat itself works well but this bug is quite annoying. Update: months later this bug is actually worse, notifications still often remain after hours.","You have new messages"" Notification keeps popping up when a message is unread.",[0.6689919],0,29,,,,,,"Not very secure. After hanging up on a video call with my wife, we were still able to hear each other. We both could not find a way to hang up. Killing the app didn't work. I had to go to settings and force quit the Signal application.",Signal has been subverted! WARNING do not use it anymore! It is not secure ,[0.63320327],1
Forced to use a PIN number. Which I don't want to use. Deleted the app because it froze and when I reinstalled it all my messages were gone. Lost a ton of information. Garbage.,Messages lost after App got killed,[0.61811185],1,,,,,,,"Not very secure. After hanging up on a video call with my wife, we were still able to hear each other. We both could not find a way to hang up. Killing the app didn't work. I had to go to settings and force quit the Signal application.",Add Encrypted SMS between Signal users.,[0.5338915],0
Forced to use a PIN number. Which I don't want to use. Deleted the app because it froze and when I reinstalled it all my messages were gone. Lost a ton of information. Garbage.,Lost four messages ,[0.5937046],1,,,,,,,"I set Signal as my default app when my factory default Samsung text messaging app began delaying incoming messages by hours or days, or not delivering them at all. Signal does everything Samsung did, exept for scheduling later delivery. Signal adds more privacy and ability to make free international calls and video. I would often schedule Samsung SMS messages for next morning or Monday delivery. If Signal implements Scheduled Messages, I can think of no disadvantage to using it by default.",Is setting Signal as default SMS app reliable?,[0.75583076],0
Forced to use a PIN number. Which I don't want to use. Deleted the app because it froze and when I reinstalled it all my messages were gone. Lost a ton of information. Garbage.,App crashes when I try to send a message,[0.5650093],1,30,,,,,,"I set Signal as my default app when my factory default Samsung text messaging app began delaying incoming messages by hours or days, or not delivering them at all. Signal does everything Samsung did, exept for scheduling later delivery. Signal adds more privacy and ability to make free international calls and video. I would often schedule Samsung SMS messages for next morning or Monday delivery. If Signal implements Scheduled Messages, I can think of no disadvantage to using it by default.",Can't set Signal as default SMS app,[0.6741891],0
Earlier this app used to run very smoothly but from past few days as soon as I'm opening this app it immediately colses by itself. What is wrong has happened. Just fix it,Opening anything other than settings crashes the app.,[0.5805304],1,,,,,,,"I cant use this app because when I enter my phone number, it will send mme a coad but I can't find the edit box for the coad, beasically it is not accessible with talkback, plz fix this",android N - Signal is not a dialer app,[0.48281664],0
Earlier this app used to run very smoothly but from past few days as soon as I'm opening this app it immediately colses by itself. What is wrong has happened. Just fix it,Notification reappears every time I open the app,[0.5733971],0,,,,,,,"I cant use this app because when I enter my phone number, it will send mme a coad but I can't find the edit box for the coad, beasically it is not accessible with talkback, plz fix this",Feature Request: Signal as standard phone app,[0.47053352],0
Earlier this app used to run very smoothly but from past few days as soon as I'm opening this app it immediately colses by itself. What is wrong has happened. Just fix it,Cannot Start App,[0.5633695],1,31,,,,,,"I am not getting notifications. I have granted all the necessary permissions, and turned on all notifications. However, at one place the only options are either to allow '3 notifications a day' or none at all.",Notifications don't work,[0.743531],1
So confusing! Most messages are significantly delayed and it's hard to tell who they're from and how to respond to the right person.,messages seem to take too long.,[0.67723966],1,,,,,,,"I am not getting notifications. I have granted all the necessary permissions, and turned on all notifications. However, at one place the only options are either to allow '3 notifications a day' or none at all.",Problem With Notifications,[0.7434859],1
So confusing! Most messages are significantly delayed and it's hard to tell who they're from and how to respond to the right person.,Messages in a particular groups is getting delayed in delivery,[0.6457932],1,,,,,,,The new update doesnt alert on sms messages from other signal users in my contact list. I get no notifications on messages. Neither does my wife and she has an iphone. Fix this!! Gonna have to go back to standard messaging till you fix.,Enable Signal for SMS screen does not update after Signal becomes default SMS app,[0.7060237],0
So confusing! Most messages are significantly delayed and it's hard to tell who they're from and how to respond to the right person.,Group messages arrive one at a time,[0.62693346],0,32,,,,,,The new update doesnt alert on sms messages from other signal users in my contact list. I get no notifications on messages. Neither does my wife and she has an iphone. Fix this!! Gonna have to go back to standard messaging till you fix.,No notifications shown on new message receive,[0.69164985],1
"App closes every time I try to read a message or send one. Have cleared cache, all data and restarted it. Can't add numbers or send messages. Very strange.",App crashes when I try to send a message,[0.78917897],1,,,,,,,Signal does everything I ask it to do except post videos longer than a few seconds. Fix that and you'll get another star.,Signal Not At All Working Since 2-3 days !!,[0.57311887],0
"App closes every time I try to read a message or send one. Have cleared cache, all data and restarted it. Can't add numbers or send messages. Very strange.",not receiving message while app is closed,[0.76152086],1,,,,,,,Signal does everything I ask it to do except post videos longer than a few seconds. Fix that and you'll get another star.,Your version of Signal has expired!,[0.5722057],0
"App closes every time I try to read a message or send one. Have cleared cache, all data and restarted it. Can't add numbers or send messages. Very strange.",app crash every time I try to compose a message,[0.709309],1,33,,,,,,"For a messaging app that is suppose to feature privacy as the main attraction, when you join it tells Everyone that you're there. The purpose of the app should be to allow you to choose who to share things with, and when. The calling system is also flawed as you don't receive a call, only a missed call notification. This hasn't been solved with updates.",Notifications during calls,[0.5971439],0
Never fails even when no regular phone signal. Update to my opinion of this app. Has become very user unfriendly. Won't let you use the app unless you meet their demands every 2 seconds while you are trying to use it. I am uninstalling it.,Feature Request: Signal as standard phone app,[0.64003414],0,,,,,,,"For a messaging app that is suppose to feature privacy as the main attraction, when you join it tells Everyone that you're there. The purpose of the app should be to allow you to choose who to share things with, and when. The calling system is also flawed as you don't receive a call, only a missed call notification. This hasn't been solved with updates.","Contact ""joined"" Signal notification can be misleading",[0.5901695],0
Never fails even when no regular phone signal. Update to my opinion of this app. Has become very user unfriendly. Won't let you use the app unless you meet their demands every 2 seconds while you are trying to use it. I am uninstalling it.,Issues with Signal calls btw android,[0.61060345],0,,,,,,,"my main gripe with this is when i try to copy message text, the whole block is selected, and I can't just grab a number or address to paste somewhere. i like the app but i need that functionality for my job. would change rating if this is fixed",Copy text copies incorrect message.,[0.6688266],1
Never fails even when no regular phone signal. Update to my opinion of this app. Has become very user unfriendly. Won't let you use the app unless you meet their demands every 2 seconds while you are trying to use it. I am uninstalling it.,App does not realize that contact has Signal,[0.6105765],0,34,,,,,,"my main gripe with this is when i try to copy message text, the whole block is selected, and I can't just grab a number or address to paste somewhere. i like the app but i need that functionality for my job. would change rating if this is fixed",Copy & paste of messages that were not delivered correctly,[0.62028915],0
"Update, after one year use. No favorite or star tool for needed messages.Forward them to the notes to self. I had issues with uploading media, documents, photos or videos. It doesn't allow uploading multiple ones, and sometimes the app freezes on uploading and holds on all following messages. For unknowns reasons, the calling service does not connect. I have these issues in multiple countries, including the US, and multiple devices, Android or iOS.",App crashes when I try to send a message,[0.5744044],0,,,,,,,App keeps crashing during the initial setup. Cant get past it! If the app stops working the second you open it then the app must be absolute garbage.,App crashing,[0.74817014],1
"Update, after one year use. No favorite or star tool for needed messages.Forward them to the notes to self. I had issues with uploading media, documents, photos or videos. It doesn't allow uploading multiple ones, and sometimes the app freezes on uploading and holds on all following messages. For unknowns reasons, the calling service does not connect. I have these issues in multiple countries, including the US, and multiple devices, Android or iOS.","Can't receive delivery receipts, messages or calls while in app",[0.551119],0,,,,,,,App keeps crashing during the initial setup. Cant get past it! If the app stops working the second you open it then the app must be absolute garbage.,Opening anything other than settings crashes the app.,[0.73890173],1
"Update, after one year use. No favorite or star tool for needed messages.Forward them to the notes to self. I had issues with uploading media, documents, photos or videos. It doesn't allow uploading multiple ones, and sometimes the app freezes on uploading and holds on all following messages. For unknowns reasons, the calling service does not connect. I have these issues in multiple countries, including the US, and multiple devices, Android or iOS.",Push Messaging Failure,[0.5472369],0,35,,,,,,"I love this app, however I no longer receive notifications until I open the app. I was previously enrolled in beta and thought that was the reason for the lack of notifications. Please fix this.",No more notifications,[0.7490761],1
"Overall, a fantastic app that I think maaaany more people should use. I have some issues though. Contacts only sync with your phone when you have a cellular signal. There isn't a good way to see all of the people in group chats. I get they are shooting for minimalism but it looks a little plain. I can't put my finger on it, but it is just missing something. Once again, other than that: I have only had good experiences with this app.",Group chat overhead,[0.58105165],0,,,,,,,"I love this app, however I no longer receive notifications until I open the app. I was previously enrolled in beta and thought that was the reason for the lack of notifications. Please fix this.",Notification reappears every time I open the app,[0.71267486],0
"Overall, a fantastic app that I think maaaany more people should use. I have some issues though. Contacts only sync with your phone when you have a cellular signal. There isn't a good way to see all of the people in group chats. I get they are shooting for minimalism but it looks a little plain. I can't put my finger on it, but it is just missing something. Once again, other than that: I have only had good experiences with this app.",when 2.04 came out it took the ability away to send messages to groups setup in phone book.,[0.560397],0,,,,,,,,,,
"Overall, a fantastic app that I think maaaany more people should use. I have some issues though. Contacts only sync with your phone when you have a cellular signal. There isn't a good way to see all of the people in group chats. I get they are shooting for minimalism but it looks a little plain. I can't put my finger on it, but it is just missing something. Once again, other than that: I have only had good experiences with this app.",Group chat optimization,[0.5453774],0,36,,,,,,,,,
"Great app overall! I would have given 5 stars, however, there can be issues with texting and calling. Sometimes it doesnt get a signal or something happens to where i get like 5 text msgs all at once, that were suppose to be sent periodically witnin the last 30min. When I make a phone call, most of the time evertrhing is fine but sometimes ""Signal"" doesn't connect properly, or at all and i have to give up trying to use it.Not sure exactly what happens there but it does not connect sometimes.",Issues with Signal calls btw android,[0.64123905],0,,,,,,,,,,
"Great app overall! I would have given 5 stars, however, there can be issues with texting and calling. Sometimes it doesnt get a signal or something happens to where i get like 5 text msgs all at once, that were suppose to be sent periodically witnin the last 30min. When I make a phone call, most of the time evertrhing is fine but sometimes ""Signal"" doesn't connect properly, or at all and i have to give up trying to use it.Not sure exactly what happens there but it does not connect sometimes.",Sometimes I don't receive Signal Messages until I open the app,[0.6172237],0,,,,,,,,,,
"Great app overall! I would have given 5 stars, however, there can be issues with texting and calling. Sometimes it doesnt get a signal or something happens to where i get like 5 text msgs all at once, that were suppose to be sent periodically witnin the last 30min. When I make a phone call, most of the time evertrhing is fine but sometimes ""Signal"" doesn't connect properly, or at all and i have to give up trying to use it.Not sure exactly what happens there but it does not connect sometimes.",Signal can text but call always fail,[0.61678594],0,37,,,,,,,,,
It is very worst application.it is frequently hanged. Messages are Updating very delayed.. sometimes messages are not Updating.We can't delete message.also we cant delete Messages from group.also no any group admin..any one can add any one to group.and also no any admin and ee cant remove any one from group.disabling feature is alos very bad.we cant forword ine message in different groups or person.overall its very bad application.please improve features as said above immediately.,when 2.04 came out it took the ability away to send messages to groups setup in phone book.,[0.49650362],0,,,,,,,,,,
It is very worst application.it is frequently hanged. Messages are Updating very delayed.. sometimes messages are not Updating.We can't delete message.also we cant delete Messages from group.also no any group admin..any one can add any one to group.and also no any admin and ee cant remove any one from group.disabling feature is alos very bad.we cant forword ine message in different groups or person.overall its very bad application.please improve features as said above immediately.,Can we remove the SMS feature completely?,[0.4931364],0,,,,,,,,,,
It is very worst application.it is frequently hanged. Messages are Updating very delayed.. sometimes messages are not Updating.We can't delete message.also we cant delete Messages from group.also no any group admin..any one can add any one to group.and also no any admin and ee cant remove any one from group.disabling feature is alos very bad.we cant forword ine message in different groups or person.overall its very bad application.please improve features as said above immediately.,App crashes when I try to send a message,[0.4749656],0,38,,,,,,,,,
Messages aren't received in background anymore. Something broke in recent updates. Have to open app to get messages to come through. UPDATE: Seems the issue is resolved.,App in background not polling new messages,[0.7547737],1,,,,,,,,,,
Messages aren't received in background anymore. Something broke in recent updates. Have to open app to get messages to come through. UPDATE: Seems the issue is resolved.,Messages sent while desktop app is opening are not received,[0.6813631],1,,,,,,,,,,
Messages aren't received in background anymore. Something broke in recent updates. Have to open app to get messages to come through. UPDATE: Seems the issue is resolved.,Messages not arriving until later when app is opened after another message came through,[0.6752318],1,39,,,,,,,,,
Works well but gives me 2 check marks immediately after sending my text. I know the receivers are not reading the texts so fast. Why 2 check marks?,Signal texts keep waiting until attachment gets uploaded and sent. ,[0.6487302],0,,,,,,,,,,
Works well but gives me 2 check marks immediately after sending my text. I know the receivers are not reading the texts so fast. Why 2 check marks?,"Signal marks entire conversation as read, even if only the first message gets displayed",[0.61628497],0,,,,,,,,,,
Works well but gives me 2 check marks immediately after sending my text. I know the receivers are not reading the texts so fast. Why 2 check marks?,Receiving Signal call (incl missed) marks messages read,[0.6056497],0,40,,,,,,,,,
"I used signal for my SMS messages, and now it crashes and I can't access my messages. Too bad if I had anything important I wanted to read! Removing this app from the store would improve the world more than its existence ever could.",Signal 4.10.2 crashes when opening SMS on Android Oreo,[0.74821174],1,,,,,,,,,,
"I used signal for my SMS messages, and now it crashes and I can't access my messages. Too bad if I had anything important I wanted to read! Removing this app from the store would improve the world more than its existence ever could.",Signal crashes as soon as it's been started after being selected as default SMS app,[0.74565136],1,,,,,,,,,,
"I used signal for my SMS messages, and now it crashes and I can't access my messages. Too bad if I had anything important I wanted to read! Removing this app from the store would improve the world more than its existence ever could.",Signal crashes when registering if Signal is already the default SMS app,[0.73266864],1,41,,,,,,,,,
2 stars now since nothing is getting fixed. Occasionally I'm getting playback errors on voicenotes and videos. When I reset my phone the same clip or video starts to play. VERY INCONVENIENT. Also I'm missing calls and not getting notified unless I open the app. Then it'll show the messages and that I missed a call. So if i don't open my app I won't receive anything? THAT'S ridiculous.,Audio recorded in app fails to play,[0.56451124],0,,,,,,,,,,
2 stars now since nothing is getting fixed. Occasionally I'm getting playback errors on voicenotes and videos. When I reset my phone the same clip or video starts to play. VERY INCONVENIENT. Also I'm missing calls and not getting notified unless I open the app. Then it'll show the messages and that I missed a call. So if i don't open my app I won't receive anything? THAT'S ridiculous.,Opening anything other than settings crashes the app.,[0.56237024],0,,,,,,,,,,
2 stars now since nothing is getting fixed. Occasionally I'm getting playback errors on voicenotes and videos. When I reset my phone the same clip or video starts to play. VERY INCONVENIENT. Also I'm missing calls and not getting notified unless I open the app. Then it'll show the messages and that I missed a call. So if i don't open my app I won't receive anything? THAT'S ridiculous.,Voice messages suddenly become unplayable,[0.55455065],0,42,,,,,,,,,
"Not very secure. After hanging up on a video call with my wife, we were still able to hear each other. We both could not find a way to hang up. Killing the app didn't work. I had to go to settings and force quit the Signal application.",Signal has been subverted! WARNING do not use it anymore! It is not secure ,[0.63320327],1,,,,,,,,,,
"Not very secure. After hanging up on a video call with my wife, we were still able to hear each other. We both could not find a way to hang up. Killing the app didn't work. I had to go to settings and force quit the Signal application.",Add Encrypted SMS between Signal users.,[0.5338915],0,,,,,,,,,,
"Not very secure. After hanging up on a video call with my wife, we were still able to hear each other. We both could not find a way to hang up. Killing the app didn't work. I had to go to settings and force quit the Signal application.",Signal 3.1.1 Suggestion: Long-press phone icon to choose secure/insecure call,[0.5124598],0,43,,,,,,,,,
"I set Signal as my default app when my factory default Samsung text messaging app began delaying incoming messages by hours or days, or not delivering them at all. Signal does everything Samsung did, exept for scheduling later delivery. Signal adds more privacy and ability to make free international calls and video. I would often schedule Samsung SMS messages for next morning or Monday delivery. If Signal implements Scheduled Messages, I can think of no disadvantage to using it by default.",Is setting Signal as default SMS app reliable?,[0.75583076],0,,,,,,,,,,
"I set Signal as my default app when my factory default Samsung text messaging app began delaying incoming messages by hours or days, or not delivering them at all. Signal does everything Samsung did, exept for scheduling later delivery. Signal adds more privacy and ability to make free international calls and video. I would often schedule Samsung SMS messages for next morning or Monday delivery. If Signal implements Scheduled Messages, I can think of no disadvantage to using it by default.",Can't set Signal as default SMS app,[0.6741891],0,,,,,,,,,,
"I set Signal as my default app when my factory default Samsung text messaging app began delaying incoming messages by hours or days, or not delivering them at all. Signal does everything Samsung did, exept for scheduling later delivery. Signal adds more privacy and ability to make free international calls and video. I would often schedule Samsung SMS messages for next morning or Monday delivery. If Signal implements Scheduled Messages, I can think of no disadvantage to using it by default.",Feature: add option to enforce signal as default sms app,[0.6657773],0,44,,,,,,,,,
"I cant use this app because when I enter my phone number, it will send mme a coad but I can't find the edit box for the coad, beasically it is not accessible with talkback, plz fix this",android N - Signal is not a dialer app,[0.48281664],0,,,,,,,,,,
"I cant use this app because when I enter my phone number, it will send mme a coad but I can't find the edit box for the coad, beasically it is not accessible with talkback, plz fix this",Feature Request: Signal as standard phone app,[0.47053352],0,,,,,,,,,,
"I cant use this app because when I enter my phone number, it will send mme a coad but I can't find the edit box for the coad, beasically it is not accessible with talkback, plz fix this",Did not detect phone number change on incoming text,[0.46852416],0,45,,,,,,,,,
"I am not getting notifications. I have granted all the necessary permissions, and turned on all notifications. However, at one place the only options are either to allow '3 notifications a day' or none at all.",Notifications don't work,[0.743531],1,,,,,,,,,,
"I am not getting notifications. I have granted all the necessary permissions, and turned on all notifications. However, at one place the only options are either to allow '3 notifications a day' or none at all.",Problem With Notifications,[0.7434859],1,,,,,,,,,,
"I am not getting notifications. I have granted all the necessary permissions, and turned on all notifications. However, at one place the only options are either to allow '3 notifications a day' or none at all.",No more notifications,[0.7383218],0,46,,,,,,,,,
The new update doesnt alert on sms messages from other signal users in my contact list. I get no notifications on messages. Neither does my wife and she has an iphone. Fix this!! Gonna have to go back to standard messaging till you fix.,"""Enable Signal for SMS"" screen does not update after Signal becomes default SMS app",[0.7060237],0,,,,,,,,,,
The new update doesnt alert on sms messages from other signal users in my contact list. I get no notifications on messages. Neither does my wife and she has an iphone. Fix this!! Gonna have to go back to standard messaging till you fix.,No notifications shown on new message receive,[0.69164985],1,,,,,,,,,,
The new update doesnt alert on sms messages from other signal users in my contact list. I get no notifications on messages. Neither does my wife and she has an iphone. Fix this!! Gonna have to go back to standard messaging till you fix.,No Notifications when Receiving a Signal Message,[0.68400204],1,47,,,,,,,,,
Signal does everything I ask it to do except post videos longer than a few seconds. Fix that and you'll get another star.,Signal Not At All Working Since 2-3 days !!,[0.57311887],0,,,,,,,,,,
Signal does everything I ask it to do except post videos longer than a few seconds. Fix that and you'll get another star.,Your version of Signal has expired!,[0.5722057],0,,,,,,,,,,
Signal does everything I ask it to do except post videos longer than a few seconds. Fix that and you'll get another star.,must have googleplay service to use signal !,[0.5580026],0,48,,,,,,,,,
"For a messaging app that is suppose to feature privacy as the main attraction, when you join it tells Everyone that you're there. The purpose of the app should be to allow you to choose who to share things with, and when. The calling system is also flawed as you don't receive a call, only a missed call notification. This hasn't been solved with updates.",Notifications during calls,[0.5971439],0,,,,,,,,,,
"For a messaging app that is suppose to feature privacy as the main attraction, when you join it tells Everyone that you're there. The purpose of the app should be to allow you to choose who to share things with, and when. The calling system is also flawed as you don't receive a call, only a missed call notification. This hasn't been solved with updates.","Contact ""joined"" Signal notification can be misleading",[0.5901695],0,,,,,,,,,,
"For a messaging app that is suppose to feature privacy as the main attraction, when you join it tells Everyone that you're there. The purpose of the app should be to allow you to choose who to share things with, and when. The calling system is also flawed as you don't receive a call, only a missed call notification. This hasn't been solved with updates.",You can still send messages when you are left alone in a group,[0.57740515],0,49,,,,,,,,,
"my main gripe with this is when i try to copy message text, the whole block is selected, and I can't just grab a number or address to paste somewhere. i like the app but i need that functionality for my job. would change rating if this is fixed",Copy text copies incorrect message.,[0.6688266],1,,,,,,,,,,
"my main gripe with this is when i try to copy message text, the whole block is selected, and I can't just grab a number or address to paste somewhere. i like the app but i need that functionality for my job. would change rating if this is fixed",Copy & paste of messages that were not delivered correctly,[0.62028915],0,,,,,,,,,,
"my main gripe with this is when i try to copy message text, the whole block is selected, and I can't just grab a number or address to paste somewhere. i like the app but i need that functionality for my job. would change rating if this is fixed",Text from a media message cannot be copied,[0.61208236],0,50,,,,,,,,,
App keeps crashing during the initial setup. Cant get past it! If the app stops working the second you open it then the app must be absolute garbage.,App crashing,[0.74817014],1,,,,,,,,,,
App keeps crashing during the initial setup. Cant get past it! If the app stops working the second you open it then the app must be absolute garbage.,Opening anything other than settings crashes the app.,[0.73890173],1,,,,,,,,,,
App keeps crashing during the initial setup. Cant get past it! If the app stops working the second you open it then the app must be absolute garbage.,Crashes when interacting in app,[0.70413524],1,51,,,,,,,,,
"I love this app, however I no longer receive notifications until I open the app. I was previously enrolled in beta and thought that was the reason for the lack of notifications. Please fix this.",No more notifications,[0.7490761],1,,,,,,,,,,
"I love this app, however I no longer receive notifications until I open the app. I was previously enrolled in beta and thought that was the reason for the lack of notifications. Please fix this.",Notification reappears every time I open the app,[0.71267486],0,,,,,,,,,,
"I love this app, however I no longer receive notifications until I open the app. I was previously enrolled in beta and thought that was the reason for the lack of notifications. Please fix this.",Notifications are missing ,[0.71172076],1,52,,,,,,,,,
