feedback,issue,distance,
"Its a great app, no doubt but I have an issue or lemme say I have some stuffs that's always happening in which I don't like. 1. Once I minimize my VLC in which I was using to watch a movie to attend to another app and I end up going back to it, VLC just stops and makes me start my movie all over again. 2. Why does the app just stop just like that all of a sudden after I've opened it if it's gets minimized? BTW I use an Infinix Note 4 Pro",Sometimes the VLC has no response when pause the video first then set Jump to Time to play.,0.60194516,0
"Its a great app, no doubt but I have an issue or lemme say I have some stuffs that's always happening in which I don't like. 1. Once I minimize my VLC in which I was using to watch a movie to attend to another app and I end up going back to it, VLC just stops and makes me start my movie all over again. 2. Why does the app just stop just like that all of a sudden after I've opened it if it's gets minimized? BTW I use an Infinix Note 4 Pro",Subtitles stops on my mi max 2 andriod phone once i like lock and unlock the mobile.,0.59052795,0
"Its a great app, no doubt but I have an issue or lemme say I have some stuffs that's always happening in which I don't like. 1. Once I minimize my VLC in which I was using to watch a movie to attend to another app and I end up going back to it, VLC just stops and makes me start my movie all over again. 2. Why does the app just stop just like that all of a sudden after I've opened it if it's gets minimized? BTW I use an Infinix Note 4 Pro",When frame skipping is enabled and software decoder is used the errors because of skipped frames propagate and disrupt all the following frames to the next keyframe,0.580156,0
"It's really nice overall, though some bugs still occur: â€¢The screen goes gray sometimes while playing a video. â€¢When playing audio, it stops after a few seconds, then it continues playing. Also, these are some functions I'd really appreciate: â€¢Frame by frame. â€¢Screenshot. Hope you're giving this a read. Thanks!","Files  with a dot ""."" in tags are scanned but not added to audio library",0.6382307,0
"It's really nice overall, though some bugs still occur: â€¢The screen goes gray sometimes while playing a video. â€¢When playing audio, it stops after a few seconds, then it continues playing. Also, these are some functions I'd really appreciate: â€¢Frame by frame. â€¢Screenshot. Hope you're giving this a read. Thanks!",mLibVLC. Stop ()  Sometimes there will be a android ANR anomalies,0.63205767,0
"It's really nice overall, though some bugs still occur: â€¢The screen goes gray sometimes while playing a video. â€¢When playing audio, it stops after a few seconds, then it continues playing. Also, these are some functions I'd really appreciate: â€¢Frame by frame. â€¢Screenshot. Hope you're giving this a read. Thanks!","Do not display last directory in hierarchy whith no media, like ""Covers"", ""Lirycs"" e.t.c. in ""Directories"" view.",0.6308421,0
"Occasionally glitches in terms of playback and refreshing new content added to my phone, but otherwise works well. Been using it for years.",Android: Changed playback speed is forgotten after app is sent to background,0.63274646,1
"Occasionally glitches in terms of playback and refreshing new content added to my phone, but otherwise works well. Been using it for years.","During audio playback, a call stops playback instead of pausing and resuming when done",0.61921775,1
"Occasionally glitches in terms of playback and refreshing new content added to my phone, but otherwise works well. Been using it for years.",When frame skipping is enabled and software decoder is used the errors because of skipped frames propagate and disrupt all the following frames to the next keyframe,0.6157404,0
"So many bugs... Plays in background, but no controls in notifications. When you tap the app to bring up the controls, the video is a still screen. Navigating is a pain. Resuming forgets my place constantly. Basically unusable.",Android: Changed playback speed is forgotten after app is sent to background,0.6843241,0
"So many bugs... Plays in background, but no controls in notifications. When you tap the app to bring up the controls, the video is a still screen. Navigating is a pain. Resuming forgets my place constantly. Basically unusable.","hdr10 4k stutters, then freezes on android (nokia 7.1 android 8.1)",0.6506383,0
"So many bugs... Plays in background, but no controls in notifications. When you tap the app to bring up the controls, the video is a still screen. Navigating is a pain. Resuming forgets my place constantly. Basically unusable.","During audio playback, a call stops playback instead of pausing and resuming when done",0.6492182,0
"The app is fine. But the problem is that if we receive a phone call while watching a video, we cannot continue, instead we have to close the app and restart it and in the process the video starts from beginning and we have to go for searching where we were. Hope this problem will be fixed at the earliest.",Sometimes the VLC has no response when pause the video first then set Jump to Time to play.,0.65760326,0
"The app is fine. But the problem is that if we receive a phone call while watching a video, we cannot continue, instead we have to close the app and restart it and in the process the video starts from beginning and we have to go for searching where we were. Hope this problem will be fixed at the earliest.","Video playback can fail to start, freezing the whole app",0.6396225,0
"The app is fine. But the problem is that if we receive a phone call while watching a video, we cannot continue, instead we have to close the app and restart it and in the process the video starts from beginning and we have to go for searching where we were. Hope this problem will be fixed at the earliest.","During audio playback, a call stops playback instead of pausing and resuming when done",0.62923944,1
"I mainly use the app to stream to a chromecast from my NAS drive. Unfortunately, this app is by far the worst for streaming and has been for some time. It constantly locks up and I have to reset my chromecast, this does not happen for any other apps. Playback of local files is fine, but as stated, my main use case is streaming and I believe a lot more developing needs to be put into strengthening the streaming capabilities of this app.","hdr10 4k stutters, then freezes on android (nokia 7.1 android 8.1)",0.65249574,0
"I mainly use the app to stream to a chromecast from my NAS drive. Unfortunately, this app is by far the worst for streaming and has been for some time. It constantly locks up and I have to reset my chromecast, this does not happen for any other apps. Playback of local files is fine, but as stated, my main use case is streaming and I believe a lot more developing needs to be put into strengthening the streaming capabilities of this app.",mLibVLC. Stop ()  Sometimes there will be a android ANR anomalies,0.64867306,0
"I mainly use the app to stream to a chromecast from my NAS drive. Unfortunately, this app is by far the worst for streaming and has been for some time. It constantly locks up and I have to reset my chromecast, this does not happen for any other apps. Playback of local files is fine, but as stated, my main use case is streaming and I believe a lot more developing needs to be put into strengthening the streaming capabilities of this app.",Subtitles stops on my mi max 2 andriod phone once i like lock and unlock the mobile.,0.62913525,0
"always shows nortification of scanning media file library, and hangs when i open it stops working and says it isn't responding.",VLC fails to search through the internal storage when opening on CarbonROM 6.1,0.66996646,0
"always shows nortification of scanning media file library, and hangs when i open it stops working and says it isn't responding.","VLC for Android shows files with non-standard extensions in Directories view mode, but does not try to play them",0.6408094,0
"always shows nortification of scanning media file library, and hangs when i open it stops working and says it isn't responding.",VLC for Android crashed while trying to open a file from another application,0.6360471,0
Great app but had to uninstall and rate lower. Will not stop autoplaying audio files when I get into my car. Annoying beyond belief and cannot find any settings to disable this behavior. Please assist and I will adjust my rating accordingly for this otherwise perfect app.,Sometimes the VLC has no response when pause the video first then set Jump to Time to play.,0.654337,0
Great app but had to uninstall and rate lower. Will not stop autoplaying audio files when I get into my car. Annoying beyond belief and cannot find any settings to disable this behavior. Please assist and I will adjust my rating accordingly for this otherwise perfect app.,Subtitles stops on my mi max 2 andriod phone once i like lock and unlock the mobile.,0.6485458,0
Great app but had to uninstall and rate lower. Will not stop autoplaying audio files when I get into my car. Annoying beyond belief and cannot find any settings to disable this behavior. Please assist and I will adjust my rating accordingly for this otherwise perfect app.,When frame skipping is enabled and software decoder is used the errors because of skipped frames propagate and disrupt all the following frames to the next keyframe,0.6298858,0
Still best media player for me but comes with some issue with new updates for ea. selecting a song but other also get seleceted automatically while making a playlist and recent play option is not like old version ... i hope you guys make it better with new update,"Do not display last directory in hierarchy whith no media, like ""Covers"", ""Lirycs"" e.t.c. in ""Directories"" view.",0.6663869,0
Still best media player for me but comes with some issue with new updates for ea. selecting a song but other also get seleceted automatically while making a playlist and recent play option is not like old version ... i hope you guys make it better with new update,"hdr10 4k stutters, then freezes on android (nokia 7.1 android 8.1)",0.66249084,0
Still best media player for me but comes with some issue with new updates for ea. selecting a song but other also get seleceted automatically while making a playlist and recent play option is not like old version ... i hope you guys make it better with new update,"Files  with a dot ""."" in tags are scanned but not added to audio library",0.6594542,0
Some of my videos log when I'm connected to the internet and also some of videos don't show up in the folders,Subtitle not loaded when the video played through the network on Android VLC,0.62693113,0
Some of my videos log when I'm connected to the internet and also some of videos don't show up in the folders,Sound out of sync with video when connected to bluetooth speakers,0.6211683,0
Some of my videos log when I'm connected to the internet and also some of videos don't show up in the folders,VLC for Android - All videos will eventually fall out of audio / video sync,0.60906684,0
The good part : no spam The bad part : at each restart it is going to waste resources to scan whatever even if you set it not to.,Android: Changed playback speed is forgotten after app is sent to background,0.61765826,0
The good part : no spam The bad part : at each restart it is going to waste resources to scan whatever even if you set it not to.,When frame skipping is enabled and software decoder is used the errors because of skipped frames propagate and disrupt all the following frames to the next keyframe,0.61248183,0
The good part : no spam The bad part : at each restart it is going to waste resources to scan whatever even if you set it not to.,Sometimes the VLC has no response when pause the video first then set Jump to Time to play.,0.60970527,0
04/21/2019 = The new VCL update for Android sucks. It has my music files all messed up. If something is not broken don't fix it,mLibVLC. Stop ()  Sometimes there will be a android ANR anomalies,0.66981786,0
04/21/2019 = The new VCL update for Android sucks. It has my music files all messed up. If something is not broken don't fix it,"hdr10 4k stutters, then freezes on android (nokia 7.1 android 8.1)",0.6673202,0
04/21/2019 = The new VCL update for Android sucks. It has my music files all messed up. If something is not broken don't fix it,"Files  with a dot ""."" in tags are scanned but not added to audio library",0.6351024,0
"This app is amazing man, I have tried playing a movie in inbuilt players and share it player too, but the movie didn't played with audio. VLC fixed the issue. Thanks",Downloaded .wma file to HTC ONE X--seems to play but without sound,0.66597295,0
"This app is amazing man, I have tried playing a movie in inbuilt players and share it player too, but the movie didn't played with audio. VLC fixed the issue. Thanks",problem with playing videos (.flv ) when I try it from onother application on android,0.6552278,0
"This app is amazing man, I have tried playing a movie in inbuilt players and share it player too, but the movie didn't played with audio. VLC fixed the issue. Thanks",Android VLC player sometimes plays .m4a audio files as black videos with .m4a tracks.,0.6447116,0
"Background play I love that background play is an option now, seeing that my phones video player doesn't have the best format adaptive capability. But the BGP doesn't last long and cuts out randomly back to the screen I'm using. I'm sure it will get better! Still a great tool for android!",vlc for android does not allow to add search result to an existent playlist,0.6578046,
"Background play I love that background play is an option now, seeing that my phones video player doesn't have the best format adaptive capability. But the BGP doesn't last long and cuts out randomly back to the screen I'm using. I'm sure it will get better! Still a great tool for android!",VLC player in Android app showing green bar at bottom of video. Also showing some distrotion.,0.65337574,
"Background play I love that background play is an option now, seeing that my phones video player doesn't have the best format adaptive capability. But the BGP doesn't last long and cuts out randomly back to the screen I'm using. I'm sure it will get better! Still a great tool for android!",VLC  incorrect output video size on android in harware encoding with software output mode,0.6371712,
"For 5 stars: * Enable pinch zoom * It constantly scans for new media when the phone wakes, despite it being disabled.",Subtitles stops on my mi max 2 andriod phone once i like lock and unlock the mobile.,0.6389574,
"For 5 stars: * Enable pinch zoom * It constantly scans for new media when the phone wakes, despite it being disabled.","Do not display ""Up to parent folder"" in ""Directory"" view because all devices have hardware or software ""Back"" button.",0.62116176,
"For 5 stars: * Enable pinch zoom * It constantly scans for new media when the phone wakes, despite it being disabled.",Android: Search field does not bring up keyboard,0.5979263,
It's crashing when I am streaming a video from youtube! ðŸ™„,Black Screen when playing video (mp4) on VLC Android,0.6320855,
It's crashing when I am streaming a video from youtube! ðŸ™„,Playing .3gp video as an audio file,0.61447895,
It's crashing when I am streaming a video from youtube! ðŸ™„,Streaming multicast - Player receiving video stream stops when next video starts via playlist on streaming VLC encoder (audio continues),0.59884924,
"VLC player is not working fine now, starts player after trying 2-3 times.",Videos fail to played by VLC player after the firsttime,0.6781424,
"VLC player is not working fine now, starts player after trying 2-3 times.","After plug in USB drive, VLC will not work normally and pop up the error message.",0.63789845,
"VLC player is not working fine now, starts player after trying 2-3 times.","VLC for Android shows files with non-standard extensions in Directories view mode, but does not try to play them",0.6373743,
"The app was working fantastically, until it was updated. For some reason it has trouble finding my video and audio files on my local storage. I travel a lot and I often download my media entertainments so I can be distracted on the go. Please fix issues because I love VLC!!! Been my go-to media player since 2012.",Freeze entire android OS when playing a video. libvlc stream: unknown box type cTIM (incompletely loaded),0.6094884,
"The app was working fantastically, until it was updated. For some reason it has trouble finding my video and audio files on my local storage. I travel a lot and I often download my media entertainments so I can be distracted on the go. Please fix issues because I love VLC!!! Been my go-to media player since 2012.",Unresponsive interface / general slowness with lots of audio files in the media library,0.60323197,
"The app was working fantastically, until it was updated. For some reason it has trouble finding my video and audio files on my local storage. I travel a lot and I often download my media entertainments so I can be distracted on the go. Please fix issues because I love VLC!!! Been my go-to media player since 2012.",Subtitles stops on my mi max 2 andriod phone once i like lock and unlock the mobile.,0.5980092,
"Why does this app seem to time out so quickly when playback is paused??? What's the point of Adding a folder to Favourites, if there's nowhere to view Favorites??? Why won't this app remember where it was in a playlist and allow for resuming from there?","Video playback can fail to start, freezing the whole app",0.63624954,
"Why does this app seem to time out so quickly when playback is paused??? What's the point of Adding a folder to Favourites, if there's nowhere to view Favorites??? Why won't this app remember where it was in a playlist and allow for resuming from there?",Player doesn't allow fastforwarding or rewinding when playing files,0.63331914,
"Why does this app seem to time out so quickly when playback is paused??? What's the point of Adding a folder to Favourites, if there's nowhere to view Favorites??? Why won't this app remember where it was in a playlist and allow for resuming from there?",vlc for android does not allow to add search result to an existent playlist,0.6325467,
"Recent update makes it useless, will be uninstalling. as mentioned by others, dropping in an album folder on phone no longer works as it's displays the whole albums contents as individual albums! useless.","After Appending songs to a playlist, then saving the playlist, the artist and album information is missing in the new playlist, except for this first song.",0.6390113,
"Recent update makes it useless, will be uninstalling. as mentioned by others, dropping in an album folder on phone no longer works as it's displays the whole albums contents as individual albums! useless.",Subtitles stops on my mi max 2 andriod phone once i like lock and unlock the mobile.,0.6071645,
"Recent update makes it useless, will be uninstalling. as mentioned by others, dropping in an album folder on phone no longer works as it's displays the whole albums contents as individual albums! useless.","After plug in USB drive, VLC will not work normally and pop up the error message.",0.60125077,
"I've been using VLC for years, desktop and android versions. Since the latest update, i've been having a little trouble with screen ratio not auto adjusting on my Acer Chromebook 15. Once I load a video it will play but the bottom of the screen is cut off (where the play button is) in which I have to manually press pause than play again to fix the aspect ratio of the screen size. (Not a big deal and I hope it makes sense the way I explained, I can send a picture however)",When frame skipping is enabled and software decoder is used the errors because of skipped frames propagate and disrupt all the following frames to the next keyframe,0.63700366,
"I've been using VLC for years, desktop and android versions. Since the latest update, i've been having a little trouble with screen ratio not auto adjusting on my Acer Chromebook 15. Once I load a video it will play but the bottom of the screen is cut off (where the play button is) in which I have to manually press pause than play again to fix the aspect ratio of the screen size. (Not a big deal and I hope it makes sense the way I explained, I can send a picture however)",Android: Changed playback speed is forgotten after app is sent to background,0.6292584,
"I've been using VLC for years, desktop and android versions. Since the latest update, i've been having a little trouble with screen ratio not auto adjusting on my Acer Chromebook 15. Once I load a video it will play but the bottom of the screen is cut off (where the play button is) in which I have to manually press pause than play again to fix the aspect ratio of the screen size. (Not a big deal and I hope it makes sense the way I explained, I can send a picture however)","When playing an .mkv file in vlc for android version 1.3.2, movie get's cut every couple of seconds",0.61752677,
"Overall app works good. But there's a big when I try to search for subtitles, it fails to load and keeps on showing downloading icon.","Video playback can fail to start, freezing the whole app",0.6583107,
"Overall app works good. But there's a big when I try to search for subtitles, it fails to load and keeps on showing downloading icon.",VLC fails to search through the internal storage when opening on CarbonROM 6.1,0.655761,
"Overall app works good. But there's a big when I try to search for subtitles, it fails to load and keeps on showing downloading icon.","After plug in USB drive, VLC will not work normally and pop up the error message.",0.6536643,
"Actually expect better than this from VLC. Mainly, issues with playlists make this a less than ideal choice. For one LARGE list, all entries were duplicated! I could just remove one but it removes both, thinking they are the same. Plays them all twice tho. Other glitches too like not remembering random play order etc make it frustrating to use. Oh yes, apparently a database is used for the playlists too so no easy way to manage or backup or transfer. And, no answers from support.","Do not display last directory in hierarchy whith no media, like ""Covers"", ""Lirycs"" e.t.c. in ""Directories"" view.",0.67501765,
"Actually expect better than this from VLC. Mainly, issues with playlists make this a less than ideal choice. For one LARGE list, all entries were duplicated! I could just remove one but it removes both, thinking they are the same. Plays them all twice tho. Other glitches too like not remembering random play order etc make it frustrating to use. Oh yes, apparently a database is used for the playlists too so no easy way to manage or backup or transfer. And, no answers from support.","Files  with a dot ""."" in tags are scanned but not added to audio library",0.65526026,
"Actually expect better than this from VLC. Mainly, issues with playlists make this a less than ideal choice. For one LARGE list, all entries were duplicated! I could just remove one but it removes both, thinking they are the same. Plays them all twice tho. Other glitches too like not remembering random play order etc make it frustrating to use. Oh yes, apparently a database is used for the playlists too so no easy way to manage or backup or transfer. And, no answers from support.",mLibVLC. Stop ()  Sometimes there will be a android ANR anomalies,0.65154946,
"Full of bugs. After the the time sleeper turns the app off, it won't play anything more without closing the app from the app settings. Also, it runs continously on the background even after closed (whether with sleep timer or by any other means) . Can't swipe it off from the notification scroll down bar, and keeps consuming battery.",Play/pause button icon is not shifting while pausing the audio on notification area,0.66513383,
"Full of bugs. After the the time sleeper turns the app off, it won't play anything more without closing the app from the app settings. Also, it runs continously on the background even after closed (whether with sleep timer or by any other means) . Can't swipe it off from the notification scroll down bar, and keeps consuming battery.",When frame skipping is enabled and software decoder is used the errors because of skipped frames propagate and disrupt all the following frames to the next keyframe,0.6461416,
"Full of bugs. After the the time sleeper turns the app off, it won't play anything more without closing the app from the app settings. Also, it runs continously on the background even after closed (whether with sleep timer or by any other means) . Can't swipe it off from the notification scroll down bar, and keeps consuming battery.",Android: Changed playback speed is forgotten after app is sent to background,0.6453513,
"The subtitles barely works, keeps saying an error occured, try again in few seconds. Sad",When frame skipping is enabled and software decoder is used the errors because of skipped frames propagate and disrupt all the following frames to the next keyframe,0.6005315,
"The subtitles barely works, keeps saying an error occured, try again in few seconds. Sad","After plug in USB drive, VLC will not work normally and pop up the error message.",0.5845792,
"The subtitles barely works, keeps saying an error occured, try again in few seconds. Sad",Sometimes the VLC has no response when pause the video first then set Jump to Time to play.,0.57633275,
Terrible. It buffers all the time and I can literally watch nothing with this player.,Sometimes the VLC has no response when pause the video first then set Jump to Time to play.,0.6137635,
Terrible. It buffers all the time and I can literally watch nothing with this player.,Videos fail to played by VLC player after the firsttime,0.58696634,
Terrible. It buffers all the time and I can literally watch nothing with this player.,"Change Playback speed as low and restore,the video will not play smoothly",0.58219755,
Too slow...it takes lot of time to load the videos and video thumbnail doesn't load,"Change Playback speed as low and restore,the video will not play smoothly",0.58831966,
Too slow...it takes lot of time to load the videos and video thumbnail doesn't load,Subtitle not loaded when the video played through the network on Android VLC,0.5814224,
Too slow...it takes lot of time to load the videos and video thumbnail doesn't load,VLC for Android - All videos will eventually fall out of audio / video sync,0.5647494,
It was 100x better before this new update. Now it's slow! Takes years to load videos and no categories,Freeze entire android OS when playing a video. libvlc stream: unknown box type cTIM (incompletely loaded),0.5473838,
It was 100x better before this new update. Now it's slow! Takes years to load videos and no categories,Database exception and VLC does not load after installation -- armv6-android-fpu build,0.53858507,
It was 100x better before this new update. Now it's slow! Takes years to load videos and no categories,Latest nightly build crashes on playing mp3 files via network,0.53784335,
Audio stops all of a sudden. Problem occurs while playing high quality and high FPS videos.,Black Screen when playing video (mp4) on VLC Android,0.7218303,
Audio stops all of a sudden. Problem occurs while playing high quality and high FPS videos.,Playing .3gp video as an audio file,0.6801954,
Audio stops all of a sudden. Problem occurs while playing high quality and high FPS videos.,Video playback freezes on Android when trying to play big video files,0.66369116,
Favourite player but Could not find a way to prevent it crashing with Huawei emui 9. Reluctantly moved to mxplayer which doesn't have this issue,"hdr10 4k stutters, then freezes on android (nokia 7.1 android 8.1)",0.68354607,
Favourite player but Could not find a way to prevent it crashing with Huawei emui 9. Reluctantly moved to mxplayer which doesn't have this issue,android x86 target does not build anymore on x86_64 linux host,0.6828839,
Favourite player but Could not find a way to prevent it crashing with Huawei emui 9. Reluctantly moved to mxplayer which doesn't have this issue,Android vlc v2.0.6 causes device to restart not app device,0.67427975,
Sometimes app is not working so you need to close it completly and reopen it. Video thumbnails is always wrong and video name is also not showing.,"Change Playback speed as low and restore,the video will not play smoothly",0.7184509,
Sometimes app is not working so you need to close it completly and reopen it. Video thumbnails is always wrong and video name is also not showing.,Sometimes the VLC has no response when pause the video first then set Jump to Time to play.,0.69381857,
Sometimes app is not working so you need to close it completly and reopen it. Video thumbnails is always wrong and video name is also not showing.,Video is being played properly but display is blank,0.6577275,
I recently downloaded this app and I must say it's actually the best so far but the only problem is that when I add a subtitle it works but the speaker speaks before the subtitle appears it does not come at once with the speaker. Please I need reply,"After plug in USB drive, VLC will not work normally and pop up the error message.",0.6031691,
I recently downloaded this app and I must say it's actually the best so far but the only problem is that when I add a subtitle it works but the speaker speaks before the subtitle appears it does not come at once with the speaker. Please I need reply,problem with playing videos (.flv ) when I try it from onother application on android,0.5790883,
I recently downloaded this app and I must say it's actually the best so far but the only problem is that when I add a subtitle it works but the speaker speaks before the subtitle appears it does not come at once with the speaker. Please I need reply,When frame skipping is enabled and software decoder is used the errors because of skipped frames propagate and disrupt all the following frames to the next keyframe,0.5643123,
"I like the app. But there is problem I face. Though I delete a video from the phone, the clip still shows in the VLC Directory. That's very annoying.",VLC player in Android app showing green bar at bottom of video. Also showing some distrotion.,0.61912775,
"I like the app. But there is problem I face. Though I delete a video from the phone, the clip still shows in the VLC Directory. That's very annoying.",Sometimes the VLC has no response when pause the video first then set Jump to Time to play.,0.59546536,
"I like the app. But there is problem I face. Though I delete a video from the phone, the clip still shows in the VLC Directory. That's very annoying.","Change Playback speed as low and restore,the video will not play smoothly",0.5921828,
"current updated interface is not cool, taking too much time to scan local media",Unresponsive interface / general slowness with lots of audio files in the media library,0.66407996,
"current updated interface is not cool, taking too much time to scan local media",Android: Changed playback speed is forgotten after app is sent to background,0.59272647,
"current updated interface is not cool, taking too much time to scan local media",Android swipe close does not save media data.,0.5862658,
I can't download subtitles anymore bc the app will simply stop. why make it an option then if it just won't work??,vlc for android does not allow to add search result to an existent playlist,0.6274875,
I can't download subtitles anymore bc the app will simply stop. why make it an option then if it just won't work??,"After plug in USB drive, VLC will not work normally and pop up the error message.",0.6272484,
I can't download subtitles anymore bc the app will simply stop. why make it an option then if it just won't work??,Android vlc v2.0.6 causes device to restart not app device,0.6074471,
"My TV just updated to the latest 3.2.6 version. Now when set to Android TV UI app will exit when opening any browsing option. Internal, Network, favourites, etc, etc. Seems to work fine in normal UI mode. Just more difficult to use. And seems to have lost file skip functionality.",When frame skipping is enabled and software decoder is used the errors because of skipped frames propagate and disrupt all the following frames to the next keyframe,0.66052735,
"My TV just updated to the latest 3.2.6 version. Now when set to Android TV UI app will exit when opening any browsing option. Internal, Network, favourites, etc, etc. Seems to work fine in normal UI mode. Just more difficult to use. And seems to have lost file skip functionality.","After plug in USB drive, VLC will not work normally and pop up the error message.",0.6575165,
"My TV just updated to the latest 3.2.6 version. Now when set to Android TV UI app will exit when opening any browsing option. Internal, Network, favourites, etc, etc. Seems to work fine in normal UI mode. Just more difficult to use. And seems to have lost file skip functionality.",Android: Changed playback speed is forgotten after app is sent to background,0.64847225,
Recording voices and videos it should not again I used to have this problem with it a couple years ago and then it stopped now it's doing it again please fix or update,Sometimes the VLC has no response when pause the video first then set Jump to Time to play.,0.5932696,
Recording voices and videos it should not again I used to have this problem with it a couple years ago and then it stopped now it's doing it again please fix or update,The multimedia scan thread behaviour : many bugs and fixes to do,0.56442726,
Recording voices and videos it should not again I used to have this problem with it a couple years ago and then it stopped now it's doing it again please fix or update,"Change Playback speed as low and restore,the video will not play smoothly",0.56167305,
"I just found 1 bug, when in landscape mode, the app icon is missing for some reason, please fix this :)",The multimedia scan thread behaviour : many bugs and fixes to do,0.6677128,
"I just found 1 bug, when in landscape mode, the app icon is missing for some reason, please fix this :)","After plug in USB drive, VLC will not work normally and pop up the error message.",0.6589288,
"I just found 1 bug, when in landscape mode, the app icon is missing for some reason, please fix this :)",When frame skipping is enabled and software decoder is used the errors because of skipped frames propagate and disrupt all the following frames to the next keyframe,0.6251986,
I used to love this app and swore by it but recently I've had nothing but issues with casting videos. It either stops or you lose the UI so can't control the vid.,Sometimes the VLC has no response when pause the video first then set Jump to Time to play.,0.6011738,
I used to love this app and swore by it but recently I've had nothing but issues with casting videos. It either stops or you lose the UI so can't control the vid.,When frame skipping is enabled and software decoder is used the errors because of skipped frames propagate and disrupt all the following frames to the next keyframe,0.5999368,
I used to love this app and swore by it but recently I've had nothing but issues with casting videos. It either stops or you lose the UI so can't control the vid.,mLibVLC. Stop ()  Sometimes there will be a android ANR anomalies,0.5914968,
This is a great video player that can play files from phone storage and network shares but presently has some Chrome casting issues. Phone display keeps turning off preventing easy movie control and dropping the cast. Need a default option to keep screen on while casting. No subtitles during casting either. Would love to see these little issues fixed soon. Keep up the good work.,"Change Playback speed as low and restore,the video will not play smoothly",0.60355717,
This is a great video player that can play files from phone storage and network shares but presently has some Chrome casting issues. Phone display keeps turning off preventing easy movie control and dropping the cast. Need a default option to keep screen on while casting. No subtitles during casting either. Would love to see these little issues fixed soon. Keep up the good work.,Video playback freezes on Android when trying to play big video files,0.60342103,
This is a great video player that can play files from phone storage and network shares but presently has some Chrome casting issues. Phone display keeps turning off preventing easy movie control and dropping the cast. Need a default option to keep screen on while casting. No subtitles during casting either. Would love to see these little issues fixed soon. Keep up the good work.,Sometimes the VLC has no response when pause the video first then set Jump to Time to play.,0.60283375,
great app but background playing is a problem music stop when switch to another app,"Video playback can fail to start, freezing the whole app",0.66833544,
great app but background playing is a problem music stop when switch to another app,Audio playback stops when phone locks,0.6464617,
great app but background playing is a problem music stop when switch to another app,Android: Changed playback speed is forgotten after app is sent to background,0.61421055,
Thumbnail doesn't disappear when video is deleted,Thumbnails sligtly fuzzy on some albums in Albums page.,0.6489243,
Thumbnail doesn't disappear when video is deleted,"Directories disappear if underlying folder is deleted, but can't be removed.",0.61637527,
Thumbnail doesn't disappear when video is deleted,Playlist can not be deleted,0.6001144,
"This app has had really irritating problems for years, and I cannot even figure a way they haven't have fixed if ANY of the developers are actually using it. Sometimes videos will loop back to a certain point in the video when they're finished without the ab loop being turned on in any perceivable way. Sometimes it won't auto play the next item on a list. Sometimes it will always play a media from a certain point when starting it - yet it DOESNT properly save the last play location upon leaving",When frame skipping is enabled and software decoder is used the errors because of skipped frames propagate and disrupt all the following frames to the next keyframe,0.6639431,
"This app has had really irritating problems for years, and I cannot even figure a way they haven't have fixed if ANY of the developers are actually using it. Sometimes videos will loop back to a certain point in the video when they're finished without the ab loop being turned on in any perceivable way. Sometimes it won't auto play the next item on a list. Sometimes it will always play a media from a certain point when starting it - yet it DOESNT properly save the last play location upon leaving",Sometimes the VLC has no response when pause the video first then set Jump to Time to play.,0.6580204,
"This app has had really irritating problems for years, and I cannot even figure a way they haven't have fixed if ANY of the developers are actually using it. Sometimes videos will loop back to a certain point in the video when they're finished without the ab loop being turned on in any perceivable way. Sometimes it won't auto play the next item on a list. Sometimes it will always play a media from a certain point when starting it - yet it DOESNT properly save the last play location upon leaving","VLC for Android shows files with non-standard extensions in Directories view mode, but does not try to play them",0.6395812,
"The update mentions multitasking shutdown fixed! They did a terrible job! whenever I open any media file from file manager using VLC, and switch tasks it abruptly shuts down! On top of all they plainly Lie about the update! Useless team .really disappointed!! phone: redmi note 5 pro!",Subtitles stops on my mi max 2 andriod phone once i like lock and unlock the mobile.,0.6263682,
"The update mentions multitasking shutdown fixed! They did a terrible job! whenever I open any media file from file manager using VLC, and switch tasks it abruptly shuts down! On top of all they plainly Lie about the update! Useless team .really disappointed!! phone: redmi note 5 pro!",VLC player in Android app showing green bar at bottom of video. Also showing some distrotion.,0.608438,
"The update mentions multitasking shutdown fixed! They did a terrible job! whenever I open any media file from file manager using VLC, and switch tasks it abruptly shuts down! On top of all they plainly Lie about the update! Useless team .really disappointed!! phone: redmi note 5 pro!","After plug in USB drive, VLC will not work normally and pop up the error message.",0.5985436,
Everything is perfectly alright. The only problem i am facing is the full characters of any video is not shown in the playlist due to which it is hard to find a video especially in a playlist etc of any course downloaded from youtube.,VLC for Android cannot find files from M3U playlist stored in different directory,0.63982344,
Everything is perfectly alright. The only problem i am facing is the full characters of any video is not shown in the playlist due to which it is hard to find a video especially in a playlist etc of any course downloaded from youtube.,Sometimes the VLC has no response when pause the video first then set Jump to Time to play.,0.6334349,
Everything is perfectly alright. The only problem i am facing is the full characters of any video is not shown in the playlist due to which it is hard to find a video especially in a playlist etc of any course downloaded from youtube.,Android: files with consecutive names are not shown in directory view,0.630337,
"All things are good but when delete a video from your phone especially whatsapp video , vlc still show these videos. When you try to play these videos vlc shows video not found . Please fix this .",Sometimes the VLC has no response when pause the video first then set Jump to Time to play.,0.67790127,
"All things are good but when delete a video from your phone especially whatsapp video , vlc still show these videos. When you try to play these videos vlc shows video not found . Please fix this .","Change Playback speed as low and restore,the video will not play smoothly",0.6695339,
"All things are good but when delete a video from your phone especially whatsapp video , vlc still show these videos. When you try to play these videos vlc shows video not found . Please fix this .",Android VLC player sometimes plays .m4a audio files as black videos with .m4a tracks.,0.66343474,
"Guys, I have a problem with my android smart TV. When i tried to download subtitles in my TV, it loads but doesnot download inspite of having a good internet connection.",problem with playing videos (.flv ) when I try it from onother application on android,0.65438014,
"Guys, I have a problem with my android smart TV. When i tried to download subtitles in my TV, it loads but doesnot download inspite of having a good internet connection.",Freeze entire android OS when playing a video. libvlc stream: unknown box type cTIM (incompletely loaded),0.60671663,
"Guys, I have a problem with my android smart TV. When i tried to download subtitles in my TV, it loads but doesnot download inspite of having a good internet connection.",VLC for Fire crashes when trying to access smb shares on local network.,0.56995034,
"Good app. Good to have Chromecast support. Bug when trying to add song to playlist , tapping on the three dots moves the scroll bar and the song to be added is list from screen view. Fix this bug please and I will bump up the review to 5 stars",Play/pause button icon is not shifting while pausing the audio on notification area,0.68023777,
"Good app. Good to have Chromecast support. Bug when trying to add song to playlist , tapping on the three dots moves the scroll bar and the song to be added is list from screen view. Fix this bug please and I will bump up the review to 5 stars",When frame skipping is enabled and software decoder is used the errors because of skipped frames propagate and disrupt all the following frames to the next keyframe,0.6701303,
"Good app. Good to have Chromecast support. Bug when trying to add song to playlist , tapping on the three dots moves the scroll bar and the song to be added is list from screen view. Fix this bug please and I will bump up the review to 5 stars",Android: Changed playback speed is forgotten after app is sent to background,0.6587842,
I updated the app 2 days ago...I regret my decision as I can't use it anymore because it keeps crashing now...,problem with playing videos (.flv ) when I try it from onother application on android,0.5499213,
I updated the app 2 days ago...I regret my decision as I can't use it anymore because it keeps crashing now...,Subtitles stops on my mi max 2 andriod phone once i like lock and unlock the mobile.,0.5378443,
I updated the app 2 days ago...I regret my decision as I can't use it anymore because it keeps crashing now...,VLC for Android crashed while trying to open a file from another application,0.5338773,
The cast option doesn't work too well hopefully someone can look into it.,Scrub backward quickly doesn't work (Android),0.6521031,
The cast option doesn't work too well hopefully someone can look into it.,"The ""Set locale"" option is not working on Android 8.1 (VLC for Android 3.0.13)",0.64289063,
The cast option doesn't work too well hopefully someone can look into it.,"After plug in USB drive, VLC will not work normally and pop up the error message.",0.61191124,
